"Campus.Name","CCSF.Entity","Lower.Grade","Upper.Grade","Grade.Range","Category","Map.Label","Lower.Age","Upper.Age","General.Type","CDS.Code","Campus.Address","Supervisor.District","County.FIPS","County.Name","Lat","Long"
"Alamo Elementary School","SFUSD",0,5,"K-5","USD Grades K-5","PS001",5,10,"PS","38684786040695","250 23RD AVE, San Francisco, CA 94121",1,6075,"SAN FRANCISCO",37.7830048,-122.4822998
"Alvarado Elementary School","SFUSD",0,5,"K-5","USD Grades K-5","PS002",5,10,"PS","38684786040703","625 DOUGLASS ST, San Francisco, CA 94114",8,6075,"SAN FRANCISCO",37.7536812,-122.4381943
"Aptos Middle School","SFUSD",6,8,"6-8","USD Grades 6-8","PS003",11,13,"PS","38684786062020","105 APTOS AVE, San Francisco, CA 94127",7,6075,"SAN FRANCISCO",37.7296715,-122.4657822
"Argonne Early Education School","SFUSD",-2,0,"PK-TK","USD PreK/TK","PS004",3,5,"PS","384000981","750 16TH AVE, San Francisco, CA 94118",1,6075,"SAN FRANCISCO",37.7739677,-122.4740601
"Argonne Elementary School","SFUSD",0,5,"K-5","USD Grades K-5","PS005",5,10,"PS","38684786040737","680 18TH AVE, San Francisco, CA 94121",1,6075,"SAN FRANCISCO",37.7753067,-122.4763107
"Asawa, Ruth Asawa San Francisco School Of The Arts - Academy Of Arts And Sciences","SFUSD",9,12,"9-12","USD Grades 9-12","PS006",14,17,"PS","38684783830387","555 PORTOLA DR, SAN FRANCISCO CA, 94131",8,6075,"SAN FRANCISCO",37.7453156,-122.4488297
"Balboa High School","SFUSD",9,12,"9-12","USD Grades 9-12","PS007",14,17,"PS","38684783830288","1000 CAYUGA AVE, San Francisco, CA 94112",11,6075,"SAN FRANCISCO",37.7211418,-122.4413986
"Brown, Willie Brown Jr Middle School","SFUSD",6,8,"6-8","USD Grades 6-8","PS008",11,13,"PS","38684780132241","2055 SILVER AVE, San Francisco, CA 94124",10,6075,"SAN FRANCISCO",37.7364769,-122.3995743
"Bryant Early Education / Bryant Elementary","SFUSD",-2,5,"PK-5","USD PreK-5, Grades K-5","PS009",3,10,"PS","38684786040778","2641 25TH ST, San Francisco, CA 94110",10,6075,"SAN FRANCISCO",37.7514534,-122.4046936
"Buena Vista / Horace Mann","SFUSD",0,8,"K-8","USD Grades K-8","PS010",5,13,"PS","38684786062046","3351 23RD ST, San Francisco, CA 94110",9,6075,"SAN FRANCISCO",37.7530327,-122.4201813
"Burton, Phillip And Sala Burton High School","SFUSD",9,12,"9-12","USD Grades 9-12","PS011",14,17,"PS","38684783830254","400 MANSELL ST, San Francisco, CA 94134",9,6075,"SAN FRANCISCO",37.7215462,-122.4065552
"Carmichael, Bessie Carmichael (6-8 Campus)","SFUSD",6,8,"6-8","USD Grades 6-8","PS012",11,13,"PS","38684786040752","824 HARRISON ST, San Francisco, CA 94107",6,6075,"SAN FRANCISCO",37.7805595,-122.4004898
"Carmichael, Bessie Carmichael K-5 Campus / Early Education","SFUSD",0,8,"K-8","USD Grades K-8","PS013",5,13,"PS","384001456","375 07TH ST, San Francisco, CA 94103",6,6075,"SAN FRANCISCO",37.7763824,-122.406456
"Carver, Dr. George Washington Carver Elementary School","SFUSD",0,5,"K-5","USD Grades K-5","PS014",5,10,"PS","38684786093496","1360 OAKDALE AVE, San Francisco, CA 94124",10,6075,"SAN FRANCISCO",37.7316666,-122.3853378
"Chavez, Cesar Chavez Elementary School / Preschool","SFUSD",-2,5,"PK-5","USD PreK-5","PS015",3,10,"PS","38684786041149","825 SHOTWELL ST, San Francisco, CA 94110",9,6075,"SAN FRANCISCO",37.754921,-122.4148788
"Chin, John Yehall Chin Elementary School","SFUSD",0,5,"K-5","USD Grades K-5","PS016",5,10,"PS","38684786113252","350 BROADWAY, San Francisco, CA 94133",3,6075,"SAN FRANCISCO",37.7986107,-122.4032211
"Chinese Education Center Elementary School","SFUSD",0,5,"K-5","USD Grades K-5","PS017",5,10,"PS","38684786089569","657 MERCHANT ST, SAN FRANCISCO, CA 94111",3,6075,"SAN FRANCISCO",37.7947693,-122.4040604
"Chinese Immersion School At Deavila","SFUSD",0,4,"K-4","USD Grades K-4","PS018",5,9,"PS","38684780120386","1250 WALLER ST, San Francisco, CA 94117",5,6075,"SAN FRANCISCO",37.7698288,-122.4442749
"City Arts And Tech High School","SFUSD",9,12,"9-12","USD Grades 9-12","PS019",14,17,"PS","38684780107300","325 LA GRANDE AVE, San Francisco, CA 94112",11,6075,"SAN FRANCISCO",37.7187843,-122.4246674
"Clarendon Elementary School","SFUSD",0,5,"K-5","USD Grades K-5","PS020",5,10,"PS","38684786040828","500 CLARENDON AVE, San Francisco, CA 94131",7,6075,"SAN FRANCISCO",37.7537537,-122.4562683
"Cleveland Elementary School","SFUSD",0,5,"K-5","USD Grades K-5","PS021",5,10,"PS","38684786040836","455 ATHENS ST, San Francisco, CA 94112",11,6075,"SAN FRANCISCO",37.7203407,-122.4291916
"Cobb, Dr. William L. Cobb Elementary School / Preschool","SFUSD",-2,5,"PK-5","USD PreK-5","PS022",3,10,"PS","38684786040968","2725 CALIFORNIA ST, San Francisco, CA 94115",2,6075,"SAN FRANCISCO",37.7876778,-122.4395523
"Creative Arts Charter School","SFUSD",0,8,"K-8","USD Charter School","PS023",5,13,"PS","38684786112601","1601 TURK ST, San Francisco, CA 94115",5,6075,"SAN FRANCISCO",37.7798042,-122.4360733
"Denman, James Denman Middle School / Leadership Charter High","SFUSD",6,8,"6-8","USD Grades 6-8","PS024",11,13,"PS","38684786059869","241 ONEIDA AVE, San Francisco, CA 94112",11,6075,"SAN FRANCISCO",37.7213097,-122.4431839
"Downtown High School","SFUSD",9,12,"9-12","USD Grades 9-12","PS025",14,17,"PS","38684783830064","693 VERMONT ST, San Francisco, CA 94107",10,6075,"SAN FRANCISCO",37.7613983,-122.4037018
"Drew, Dr. Charles R. Drew Elementary / Early Education","SFUSD",-2,5,"PK-5","USD PreK-5","PS026",3,10,"PS","38684786104673","50 POMONA ST, San Francisco, CA 94124",10,6075,"SAN FRANCISCO",37.7317963,-122.3938904
"Edison Charter K-8","SFUSD",0,8,"K-8","USD Charter School","PS027",5,13,"PS","38684786040935","3531 22ND ST, San Francisco, CA 94114",8,6075,"SAN FRANCISCO",37.754467,-122.4260406
"El Dorado Elementary School","SFUSD",0,5,"K-5","USD Grades K-5","PS028",5,10,"PS","38684786040950","70 DELTA ST, San Francisco, CA 94134",10,6075,"SAN FRANCISCO",37.7186584,-122.4078522
"Everett Middle School","SFUSD",6,8,"6-8","USD Grades 6-8","PS029",11,13,"PS","38684786062038","450 CHURCH ST, San Francisco, CA 94114",8,6075,"SAN FRANCISCO",37.7635765,-122.4293671
"Fairmount Elementary School / Preschool","SFUSD",-2,5,"PK-5","USD PreK-5","PS030",3,10,"PS","38684786040984","65 CHENERY ST, San Francisco, CA 94131",8,6075,"SAN FRANCISCO",37.7404327,-122.4250107
"Feinstein, Dianne Feinstein Elementary School","SFUSD",0,5,"K-5","USD Grades K-5","PS031",5,10,"PS","38684780111427","2550 25TH AVE, San Francisco, CA 94116",4,6075,"SAN FRANCISCO",37.7396851,-122.481369
"Five Keys Charter","SFUSD",8,12,"8-12","USD Charter School","PS032",13,17,"PS","38684780101774","70 OAK GROVE ST, San Francisco, CA 94107",6,6075,"SAN FRANCISCO",37.7771072,-122.4022293
"Flynn, Leonard Flynn Elementary / Early Education","SFUSD",0,5,"K-5","USD Grades K-5","PS033",5,10,"PS","38684786041347","3125 CESAR CHAVEZ ST, San Francisco, CA 94110",9,6075,"SAN FRANCISCO",37.7477455,-122.4119644
"Francisco Middle School","SFUSD",6,8,"6-8","USD Grades 6-8","PS034",11,13,"PS","38684786059844","2190 POWELL ST, San Francisco, CA 94133",3,6075,"SAN FRANCISCO",37.8045692,-122.410965
"Galileo High School","SFUSD",9,12,"9-12","USD Grades 9-12","PS035",14,17,"PS","38684783831765","1150 FRANCISCO ST, San Francisco, CA 94109",2,6075,"SAN FRANCISCO",37.803791,-122.4241486
"Garfield Elementary / Early Education","SFUSD",0,5,"K-5","USD Grades K-5","PS036",5,10,"PS","38684786041040","420 FILBERT ST, San Francisco, CA 94133",3,6075,"SAN FRANCISCO",37.8020363,-122.4066925
"Gateway High School / Kipp Sf Bay Academy","SFUSD",9,12,"9-12","USD Charter School","PS037",14,17,"PS","38684783830437","1430 SCOTT ST, San Francisco, CA 94115",5,6075,"SAN FRANCISCO",37.7832642,-122.4366913
"Gateway Middle School","SFUSD",-2,5,"PK-5","USD Charter School; PreK-5","PS038",3,10,"PS","38684780123265","1512 GOLDEN GATE AVE, SAN FRANCISCO CA 94115",5,6075,"SAN FRANCISCO",37.7794189,-122.4359207
"Giannini, A.P. Giannini Middle School","SFUSD",6,8,"6-8","USD Grades 6-8","PS039",11,13,"PS","38684786059828","3151 ORTEGA ST, San Francisco, CA 94116",4,6075,"SAN FRANCISCO",37.7503014,-122.496666
"Glen Park Elementary School","SFUSD",0,5,"K-5","USD Grades K-5","PS040",5,10,"PS","38684786041073","151 LIPPARD AVE, San Francisco, CA 94131",8,6075,"SAN FRANCISCO",37.7331314,-122.4356232
"Grattan Elementary / Early Education","SFUSD",-2,5,"PK-5","USD PreK-4, Grades K-5","PS041",3,10,"PS","38684786041115","165 GRATTAN ST, San Francisco, CA 94117",5,6075,"SAN FRANCISCO",37.7634926,-122.4504242
"Guadalupe Elementary School","SFUSD",-2,5,"PK-5","USD PreK-5","PS042",3,10,"PS","38684786041123","859 PRAGUE ST, San Francisco, CA 94112",11,6075,"SAN FRANCISCO",37.7101822,-122.4340286
"Harte, Bret Harte Elementary / Early Education","SFUSD",-2,5,"PK-5","USD PreK-5","PS043",3,10,"PS","38684786040760","1035 GILMAN AVE, San Francisco, CA 94124",10,6075,"SAN FRANCISCO",37.7178993,-122.3892212
"Havard, Leola M. Havard Early Education School","SFUSD",-2,5,"PK-5","USD PreK/TK-5","PS044",3,10,"PS","38684780117564","1520 OAKDALE AVE, SAN FRANCISCO CA 94124",10,6075,"SAN FRANCISCO",37.7340851,-122.388588
"Hearst, Phoebe Apperson Hearst Home","SFUSD",9,12,"9-12","USD Grades 9-12","PS045",14,17,"PS","38684786041495","3045 SANTIAGO ST, SAN FRANCISCO 94116",4,6075,"SAN FRANCISCO",37.7436295,-122.5000534
"Hillcrest Elementary School","SFUSD",0,5,"K-5","USD Grades K-5","PS046",5,10,"PS","38684786041156","810 SILVER AVE, San Francisco, CA 94134",9,6075,"SAN FRANCISCO",37.7284126,-122.4186859
"Hilltop High Special Services Center","SFUSD",8,12,"8-12","USD County School","PS047",13,17,"PS","38684783830080","1325 FLORIDA ST, SAN FRANCISCO CA 94110",9,6075,"SAN FRANCISCO",37.7504539,-122.4096298
"Hoover, Herbert Hoover Middle School","SFUSD",6,8,"6-8","USD Grades 6-8","PS048",11,13,"PS","38684786059851","2290 14TH AVE, San Francisco, CA 94116",7,6075,"SAN FRANCISCO",37.7455559,-122.4689636
"Independence High School","SFUSD",9,12,"9-12","USD Grades 9-12","PS049",14,17,"PS","38684783830197","1350 07TH AVE, San Francisco, CA 94122",5,6075,"SAN FRANCISCO",37.7632256,-122.4635849
"International Studies Academy","SFUSD",6,12,"6-12","USD Grades 6-12","PS050",11,17,"PS","38684783830353","655 DE HARO ST, SAN FRANCISCO CA 94107",10,6075,"SAN FRANCISCO",37.7617035,-122.4006882
"Jefferson Elementary School","SFUSD",0,5,"K-5","USD Grades K-5","PS051",5,10,"PS","38684786041230","1725 IRVING ST, San Francisco, CA 94122",4,6075,"SAN FRANCISCO",37.7630653,-122.4767303
"Jefferson Out Of School (OST) Program","SFUSD",0,5,"K-5","USD Grades K-5","PS052",5,10,"PS","38684786041230","1325 18TH AVE, SAN FRANCISCO CA 94122",4,6075,"SAN FRANCISCO",37.7630615,-122.4763184
"Jordan, June Jordan High School","SFUSD",9,12,"9-12","USD Grades 9-12","PS053",14,17,"PS","38684780102103","325 LA GRANDE AVE, San Francisco, CA 94112",11,6075,"SAN FRANCISCO",37.7195358,-122.425148
"Key, Francis Scott Key Elementary/Early Education","SFUSD",0,5,"K-5","USD Grades K-5","PS054",5,10,"PS","38684786041008","1530 43RD AVE, San Francisco, CA 94122",4,6075,"SAN FRANCISCO",37.7580986,-122.5019989
"King, Dr. Martin Luther King Jr. Middle School","SFUSD",6,8,"6-8","USD Grades 6-8","PS055",11,13,"PS","38684786059885","350 GIRARD ST, San Francisco, CA 94134",9,6075,"SAN FRANCISCO",37.7277412,-122.4058075
"King, Thomas Starr King Elementary / Preschool","SFUSD",-2,5,"PK-5","USD PreK, Grades K-5","PS056",3,10,"PS","38684786041602","1215 CAROLINA ST, SAN FRANCISCO, CA 94107",10,6075,"SAN FRANCISCO",37.7532883,-122.3991928
"Kipp Bayview Academy","SFUSD",5,8,"5-8","USD Charter School","PS057",10,13,"PS","38684780101337","1060 KEY AVE, SAN FRANCISCO CA 94124",10,6075,"SAN FRANCISCO",37.719532,-122.3965607
"Lafayette Elementary School","SFUSD",-2,5,"PK-5","USD PreK-5                                   ","PS058",3,10,"PS","38684786041305","4545 ANZA ST, San Francisco, CA 94121",1,6075,"SAN FRANCISCO",37.7770691,-122.4968872
"Lakeshore Elementary School","SFUSD",0,5,"K-5","USD Grades K-5","PS059",5,10,"PS","38684786041321","220 MIDDLEFIELD DR, San Francisco, CA 94132",7,6075,"SAN FRANCISCO",37.7303238,-122.4854202
"Larkin Street Youth Services Academy","SFUSD",7,12,"7-12","USD County School","PS060",12,17,"PS","SFUSD unknown","134 GOLDEN GATE AVE, SAN FRANCISCO CA 94102",6,6075,"SAN FRANCISCO",37.7822647,-122.4129868
"Lau, Gordon J. Lau Elementary / Preschool","SFUSD",-2,5,"PK-5","USD PreK, Grades K-5","PS061",3,10,"PS","38684786040877","950 CLAY ST, San Francisco, CA 94108",3,6075,"SAN FRANCISCO",37.7943993,-122.4088058
"Lawton Alternative School","SFUSD",0,8,"K-8","USD Grades K-8","PS062",5,13,"PS","38684786041339","1570 31ST AVE, San Francisco, CA 94122",4,6075,"SAN FRANCISCO",37.758049,-122.4890976
"Lick, James Lick Middle School","SFUSD",6,8,"6-8","USD Grades 6-8","PS063",11,13,"PS","38684786062053","1220 NOE ST, San Francisco, CA 94114",8,6075,"SAN FRANCISCO",37.7493629,-122.432785
"Life Learning Academy Charter School","SFUSD",9,12,"9-12","USD Charter School","PS064",14,17,"PS","38684783830429","651 8TH TI ST, SAN FRANCISCO, CA 94130",6,6075,"SAN FRANCISCO",37.8255119,-122.3679962
"Lilienthal, Claire Lilienthal (3-8 Winfield Scott Campus)","SFUSD",0,8,"K-8","USD Grades K-8","PS065",5,13,"PS","38684786102479","3630 DIVISADERO ST, San Francisco, CA 94123",2,6075,"SAN FRANCISCO",37.80336,-122.4432373
"Lilienthal, Claire Lilienthal (K-2 Madison Campus)","SFUSD",0,8,"K-8","USD Grades K-8","PS066",5,13,"PS","38684786102479","3950 SACRAMENTO ST, San Francisco, CA 94118",2,6075,"SAN FRANCISCO",37.7872009,-122.4580154
"Lincoln, Abraham Lincoln High School","SFUSD",9,12,"9-12","USD Grades 9-12","PS067",14,17,"PS","38684783833241","2162 24TH AVE, San Francisco, CA 94116",4,6075,"SAN FRANCISCO",37.7465935,-122.4802399
"Longfellow Elementary School","SFUSD",0,5,"K-5","USD Grades K-5","PS068",5,10,"PS","38684786041362","755 MORSE ST, San Francisco, CA 94112",11,6075,"SAN FRANCISCO",37.7104225,-122.4467392
"Lowell High School","SFUSD",9,12,"9-12","USD Grades 9-12","PS069",14,17,"PS","38684783833407","1101 EUCALYPTUS DR, San Francisco, CA 94132",7,6075,"SAN FRANCISCO",37.729435,-122.4830551
"Malcolm X Elementary School","SFUSD",0,5,"K-5","USD Grades K-5","PS070",5,10,"PS","38684786041586","350 HARBOR RD, SAN FRANCISCO, CA 94124",10,6075,"SAN FRANCISCO",37.7342377,-122.3809662
"Marina Middle School","SFUSD",6,8,"6-8","USD Grades 6-8","PS071",11,13,"PS","38684786062061","3500 FILLMORE ST, San Francisco, CA 94123",2,6075,"SAN FRANCISCO",37.8018265,-122.4354782
"Marshall Elementary School","SFUSD",0,5,"K-5","USD Grades K-5","PS072",5,10,"PS","38684786041412","1575 15TH ST, San Francisco, CA 94103",9,6075,"SAN FRANCISCO",37.7662888,-122.4190216
"Marshall, Thurgood Marshall High School","SFUSD",9,12,"9-12","USD Grades 9-12","PS073",14,17,"PS","38684783830403","45 CONKLING ST, San Francisco, CA 94124",10,6075,"SAN FRANCISCO",37.7363091,-122.4016495
"Mccoppin, Frank Mccoppin Elementary / Early Education","SFUSD",0,5,"K-5","USD Grades K-5","PS074",5,10,"PS","38684786041016","651 06TH AVE, San Francisco, CA 94118",1,6075,"SAN FRANCISCO",37.77631,-122.4644775
"Mckinley Elementary School","SFUSD",0,5,"K-5","USD Grades K-5","PS075",5,10,"PS","38684786041420","1025 14TH ST, San Francisco, CA 94114",8,6075,"SAN FRANCISCO",37.7668839,-122.4362793
"Mclaren, John Mclaren Early Education School","SFUSD",-2,5,"PK-5","USD PreK/TK-5","PS076",3,10,"PS","38684780117531","2055 SUNNYDALE AVE, San Francisco, CA 94134",10,6075,"SAN FRANCISCO",37.713131,-122.4231873
"Milk, Harvey Milk Elementary School","SFUSD",0,5,"K-5","USD Grades K-5","PS077",5,10,"PS","38684786040919","4235 19TH ST, San Francisco, CA 94114",8,6075,"SAN FRANCISCO",37.7589264,-122.4364471
"Miraloma Elementary School","SFUSD",0,5,"K-5","USD Grades K-5","PS078",5,10,"PS","38684786041438","175 OMAR WAY, San Francisco, CA 94127",7,6075,"SAN FRANCISCO",37.738636,-122.4501877
"Mission Education Center Elementary School","SFUSD",0,5,"K-5","USD Grades K-5","PS079",5,10,"PS","38684786089585","1670 NOE ST, San Francisco, CA 94131",8,6075,"SAN FRANCISCO",37.7422028,-122.4314346
"Mission High School","SFUSD",9,12,"9-12","USD Grades 9-12","PS080",14,17,"PS","38684783834082","3750 18TH ST, San Francisco, CA 94114",8,6075,"SAN FRANCISCO",37.7620201,-122.4273071
"Monroe Elementary / Excelsior Monroe Early Education","SFUSD",0,5,"K-5","USD Grades K-5","PS081",5,10,"PS","38684786041446","260 MADRID ST, San Francisco, CA 94112",11,6075,"SAN FRANCISCO",37.725399,-122.4304886
"Moscone, George Moscone Elementary / Las Americas Early Education","SFUSD",-2,5,"PK-5","USD PreK-5","PS082",3,10,"PS","38684786099154","2576 HARRISON ST, San Francisco, CA 94110",9,6075,"SAN FRANCISCO",37.7567406,-122.4126205
"Muir, John Muir Elementary / Early Education","SFUSD",-2,5,"PK-5","USD PreK, Grades K-5","PS083",3,10,"PS","38684786041255","380 WEBSTER ST, San Francisco, CA 94102",5,6075,"SAN FRANCISCO",37.7737579,-122.4286804
"New Traditions Elementary School","SFUSD",0,5,"K-5","USD Grades K-5","PS084",5,10,"PS","38684786097919","2049 GROVE ST, San Francisco, CA 94117",5,6075,"SAN FRANCISCO",37.7738838,-122.450264
"Noriega Early Education School","SFUSD",-2,5,"PK-5","USD PreK/TK-5","PS085",3,10,"PS","38684780117473","1775 44TH AVE, San Francisco, CA 94122",4,6075,"SAN FRANCISCO",37.7538338,-122.5036545
"O'Connell, John O'Connell High School","SFUSD",9,12,"9-12","USD Grades 9-12","PS086",14,17,"PS","38684783834769","2355 FOLSOM ST, San Francisco, CA 94110",9,6075,"SAN FRANCISCO",37.7595139,-122.413559
"Ortega, Jose Ortega Elementary School","SFUSD",0,5,"K-5","USD Grades K-5","PS087",5,10,"PS","38684786041271","400 SARGENT ST, San Francisco, CA 94132",11,6075,"SAN FRANCISCO",37.7167816,-122.4666748
"Parker, Jean Parker Out-Of-School (OST) / Early Education","SFUSD",0,5,"K-5","USD Grades K-5","PS088",5,10,"PS","38684786041206","840 BROADWAY, San Francisco, CA 94133",3,6075,"SAN FRANCISCO",37.7976189,-122.4110413
"Parks, Rosa Parks Japanese Bilingual Bicultural Program / Weill, Raphael Weill  Early Education","SFUSD",0,5,"K-5","USD Grades K-5, PreK-5","PS089",5,10,"PS","38684786041503","1501 OFARRELL ST, San Francisco, CA 94115",5,6075,"SAN FRANCISCO",37.7830086,-122.4295044
"Peabody, George Peabody Elementary School","SFUSD",0,5,"K-5","USD Grades K-5","PS090",5,10,"PS","38684786041065","251 06TH AVE, San Francisco, CA 94118",1,6075,"SAN FRANCISCO",37.7838554,-122.4650269
"Presidio Early Education School","SFUSD",-2,4,"PK-4","USD PreK-4","PS091",3,9,"PS","38684780117499","387 MORAGA AVE, San Francisco, CA 94129",2,6075,"SAN FRANCISCO",37.7975197,-122.4611053
"Presidio Middle School","SFUSD",6,8,"6-8","USD Grades 6-8","PS092",11,13,"PS","38684786062079","450 30TH AVE, San Francisco, CA 94121",1,6075,"SAN FRANCISCO",37.7808647,-122.489624
"Redding Elementary / Early Education","SFUSD",0,5,"K-5","USD Grades K-5","PS093",5,10,"PS","38684786041511","1421 PINE ST, San Francisco, CA 94109",3,6075,"SAN FRANCISCO",37.7895203,-122.4192505
"Revere, Paul Revere School / Preschool","SFUSD",-2,8,"PK-8","USD PreK-8","PS094",3,13,"PS","38684786041487","555 TOMPKINS AVE, San Francisco, CA 94110",9,6075,"SAN FRANCISCO",37.7376137,-122.4131165
"Rodriguez, Zaida T. Rodriguez Early Education School","SFUSD",-2,0,"PK-TK","USD PreK/TK","PS095",3,5,"PS","380504356","421 BARTLETT ST, San Francisco, CA 94110",9,6075,"SAN FRANCISCO",37.7498207,-122.4185562
"Rooftop (5-8 Mayeda Campus)","SFUSD",-2,8,"PK-8","USD Grades PK-8","PS096",3,13,"PS","38684786089775","500 CORBETT AVE, San Francisco, CA 94114",8,6075,"SAN FRANCISCO",37.7573967,-122.4444962
"Rooftop (K-4 Burnett Campus)","SFUSD",-2,8,"PK-8","USD Grades PK-8","PS097",3,13,"PS","38684786089775","443 BURNETT AVE, San Francisco, CA 94131",8,6075,"SAN FRANCISCO",37.7548103,-122.443222
"Roosevelt, Theodore Roosevelt Middle School","SFUSD",6,8,"6-8","USD Grades 6-8","PS098",11,13,"PS","38684786059901","460 ARGUELLO BLVD, San Francisco, CA 94118",2,6075,"SAN FRANCISCO",37.78228,-122.4583511
"San Francisco Community Alternative School","SFUSD",0,8,"K-8","USD Grades K-8","PS099",5,13,"PS","38684786093488","125 EXCELSIOR AVE, San Francisco, CA 94112",11,6075,"SAN FRANCISCO",37.7261047,-122.4321365
"San Francisco County Civic Center Secondary School","SFUSD",7,12,"7-12","USD County School","PS100",12,17,"PS","38103893830445","727 GOLDEN GATE AVE, San Francisco, CA 94102",5,6075,"SAN FRANCISCO",37.7802963,-122.4229431
"San Francisco International High School","SFUSD",9,12,"9-12","USD Grades 9-12","PS101",14,17,"PS","38684786149876","1050 YORK ST, SAN FRANCISCO, CA 94110",9,6075,"SAN FRANCISCO",37.7552299,-122.4088593
"San Miguel Early Education School","SFUSD",-2,5,"PK-5","USD PreK-5","PS102",3,10,"PS","38684780117481","300 SENECA AVE, San Francisco, CA 94112",11,6075,"SAN FRANCISCO",37.7216454,-122.4447098
"Sanchez Elementary School  / Preschool","SFUSD",-2,5,"PK-5","USD PreK-5","PS103",3,10,"PS","38684786041545","325 SANCHEZ ST, San Francisco, CA 94114",8,6075,"SAN FRANCISCO",37.7634544,-122.4303589
"Serra, Junipero Serra Elementary School","SFUSD",0,5,"K-5","USD Grades K-5","PS104",5,10,"PS","38684786041289","625 HOLLY PARK CIR, San Francisco, CA 94110",9,6075,"SAN FRANCISCO",37.7369118,-122.4214859
"Sheridan Elementary School / Preschool","SFUSD",-2,5,"PK-5","USD PreK, Grades K-5","PS105",3,10,"PS","38684786041560","431 CAPITOL AVE, San Francisco, CA 94112",11,6075,"SAN FRANCISCO",37.7144775,-122.4596329
"Sherman Elementary School","SFUSD",0,5,"K-5","USD Grades K-5","PS106",5,10,"PS","38684786041578","1651 UNION ST, San Francisco, CA 94123",2,6075,"SAN FRANCISCO",37.797802,-122.4261169
"Sloat, Commodore Sloat Elementary School","SFUSD",0,5,"K-5","USD Grades K-5","PS107",5,10,"PS","38684786040851","50 DARIEN WAY, SAN FRANCISCO, CA 94127",7,6075,"SAN FRANCISCO",37.7312584,-122.4704819
"Spring Valley Elementary / Early Education","SFUSD",0,5,"K-5","USD Grades K-5","PS108",5,10,"PS","38684786041594","1451 JACKSON ST, San Francisco, CA 94109",3,6075,"SAN FRANCISCO",37.7940063,-122.4188156
"Stevenson, Robert Louis Stevenson Elementary School","SFUSD",0,5,"K-5","USD Grades K-5","PS109",5,10,"PS","38684786041529","2051 34TH AVE, San Francisco, CA 94116",4,6075,"SAN FRANCISCO",37.7488441,-122.4927597
"Stockton, Commodore Stockton Early Education School","SFUSD",-2,4,"PK-4","USD PreK/TK-4","PS110",3,9,"PS","38684780117465","1 TRENTON ST, San Francisco, CA 94108",3,6075,"SAN FRANCISCO",37.7950821,-122.4090805
"Sunnyside Elementary School","SFUSD",0,5,"K-5","USD Grades K-5","PS111",5,10,"PS","38684786041610","250 FOERSTER ST, San Francisco, CA 94112",7,6075,"SAN FRANCISCO",37.7302933,-122.4482574
"Sunset Elementary School","SFUSD",0,5,"K-5","USD Grades K-5","PS112",5,10,"PS","38684786113997","1920 41ST AVE, SAN FRANCISCO, CA 94116",4,6075,"SAN FRANCISCO",37.7505226,-122.4991531
"Sutro Elementary / Early Education","SFUSD",0,5,"K-5","USD Grades K-5","PS113",5,10,"PS","38684786041644","235 12TH AVE, San Francisco, CA 94118",1,6075,"SAN FRANCISCO",37.7836037,-122.4714508
"Taylor, E. R. Taylor Elementary School / Preschool","SFUSD",-2,5,"PK-5","USD PreK, Grades K-5","PS114",3,10,"PS","38684786040943","423 BURROWS ST, San Francisco, CA 94134",9,6075,"SAN FRANCISCO",37.7273293,-122.4073105
"Tenderloin Elementary / Early Education","SFUSD",-2,5,"PK-5","USD PreK-5, Grades K-5","PS115",3,10,"PS","38684786115901","627 TURK ST, San Francisco, CA 94102",6,6075,"SAN FRANCISCO",37.7817955,-122.4197769
"Tule Elk Park Early Education School","SFUSD",-2,5,"PK-5","USD PreK/TK-5","PS116",3,10,"PS","38684780117523","2110 GREENWICH ST, San Francisco, CA 94123",2,6075,"SAN FRANCISCO",37.7994194,-122.4345627
"Ulloa Elementary School","SFUSD",0,5,"K-5","USD Grades K-5","PS117",5,10,"PS","38684786041685","2650 42ND AVE, San Francisco, CA 94116",4,6075,"SAN FRANCISCO",37.7373161,-122.4993973
"Visitacion Valley Elementary School","SFUSD",0,5,"K-5","USD Grades K-5","PS118",5,10,"PS","38684786041701","55 SCHWERIN ST, SAN FRANCISCO, CA 94134",10,6075,"SAN FRANCISCO",37.7125244,-122.4098969
"Visitacion Valley Middle School","SFUSD",6,8,"6-8","USD Grades 6-8","PS119",11,13,"PS","38684786059919","450 RAYMOND AVE, San Francisco, CA 94134",10,6075,"SAN FRANCISCO",37.715744,-122.4120789
"Wallenberg, Raoul Wallenberg High School","SFUSD",9,12,"9-12","USD Grades 9-12","PS120",14,17,"PS","38684783830205","40 VEGA ST, San Francisco, CA 94118",2,6075,"SAN FRANCISCO",37.7806473,-122.4459534
"Washington, George Washington High School","SFUSD",9,12,"9-12","USD Grades 9-12","PS121",14,17,"PS","38684783839081","600 32ND AVE, San Francisco, CA 94121",1,6075,"SAN FRANCISCO",37.7779045,-122.4910126
"Webster, Daniel Webster Elementary School","SFUSD",6,12,"6-12","USD Grades 6-12","PS122",11,17,"PS","38684786040893","655 DE HARO ST, SAN FRANCISCO CA 94107",10,6075,"SAN FRANCISCO",37.7620087,-122.4007721
"Webster, Daniel Webster Out-Of-School (OST) Program","SFUSD",0,5,"K-5","USD Grades K-5","PS123",5,10,"PS","38684786040893","465 MISSOURI ST, San Francisco, CA 94107",10,6075,"SAN FRANCISCO",37.7605209,-122.3958435
"Wells, Ida B. Wells High School","SFUSD",9,12,"9-12","USD Grades 9-12","PS124",14,17,"PS","38684783830031","1099 HAYES ST, SAN FRANCISCO, CA 94117",5,6075,"SAN FRANCISCO",37.775013,-122.4338989
"West Portal Elementary School","SFUSD",0,5,"K-5","USD Grades K-5","PS125",5,10,"PS","38684786041727","5 LENOX WAY, San Francisco, CA 94127",7,6075,"SAN FRANCISCO",37.7428741,-122.4643478
"Yick Wo Elementary School","SFUSD",0,5,"K-5","USD Grades K-5","PS126",5,10,"PS","38684786041131","2245 JONES ST, SAN FRANCISCO, CA 94133",3,6075,"SAN FRANCISCO",37.80196,-122.4166107
"Yu, Alice Fong Yu Alternative School","SFUSD",0,8,"K-8","USD Grades K-8","PS127",5,13,"PS","38684786113245","1541 12TH AVE, San Francisco, CA 94122",7,6075,"SAN FRANCISCO",37.7589645,-122.4696808
"Adda Clevenger School","Private",0,8,"K-8","Independent / Private","IND200",5,13,"IND","38684786930572","198 FAIR OAKS ST, SAN FRANCISCO, CA 94110",8,6075,"SAN FRANCISCO",37.7537384,-122.4244614
"Alt School - Alamo Square","Private",0,5,"K-5","Independent / Private","IND201",5,10,"IND","38684786148274","735 FELL ST, SAN FRANCISCO, CA 94117",5,6075,"SAN FRANCISCO",37.7747879,-122.4302063
"Alt School - Dogpatch 1","Private",-1,2,"TK-2","Independent / Private","IND202",4,7,"IND","38684786148290","2265 03RD ST, SAN FRANCISCO, CA 94107",10,6075,"SAN FRANCISCO",37.7611771,-122.3881302
"Alt School - Dogpatch 2","Private",-1,2,"TK-2","Independent / Private","IND203",4,7,"IND","NOT_FOUND","610 20TH ST, SAN FRANCISCO, CA 94107",10,6075,"SAN FRANCISCO",37.7606621,-122.3879623
"Alt School - Fort Mason","Private",0,8,"K-8","Independent / Private","IND204",5,13,"IND","38684786146773","3741 BUCHANAN ST, SAN FRANCISCO, CA 94123",2,6075,"SAN FRANCISCO",37.8045616,-122.4339066
"Alt School - North Beach","Private",-1,8,"TK-8","Independent / Private","IND205",4,13,"IND","NOT_FOUND","838 KEARNY STREET, SAN FRANCISCO, CA 94108",3,6075,"SAN FRANCISCO",37.7958107,-122.404892
"Alt School - Potrero Hill","Private",-1,8,"TK-8","Independent / Private","IND206",4,13,"IND","NOT_FOUND","99 MISOURI ST, SAN FRANCISCO, CA 94107",10,6075,"SAN FRANCISCO",37.7655067,-122.3965836
"Alt School - Soma","Private",6,8,"6-8","Independent / Private","IND207",11,13,"IND","38684786148282","1245 FOLSOM ST, SAN FRANCISCO, CA 94103",6,6075,"SAN FRANCISCO",37.7741814,-122.4104843
"Alt School - Yerba Buena","Private",-1,8,"TK-8","Independent / Private","IND208",4,13,"IND","NOT_FOUND","300 04TH ST, SAN FRANCISCO, CA 94107",6,6075,"SAN FRANCISCO",37.7817421,-122.4011993
"Alta Vista School","Private",0,5,"K-5","Independent / Private","IND209",5,10,"IND","38684786140099","413 SOMERSET ST, SAN FRANCISCO, CA 94134",9,6075,"SAN FRANCISCO",37.7263908,-122.407196
"Amici World School","Private",1,6,"1-6","Independent / Private","IND210",6,11,"IND","NOT_FOUND","3627 BRODERICK ST, SAN FRANCISCO, CA 94123",2,6075,"SAN FRANCISCO",37.803875,-122.4457169
"Archbishop Riordan High School","Private",9,12,"9-12","Independent / Private","IND211",14,17,"IND","38684786939730","175 PHELAN AVE, SAN FRANCISCO, CA 94112",7,6075,"SAN FRANCISCO",37.7279015,-122.4530563
"Bais Menachem Yeshiva Day School","Private",0,8,"K-8","Independent / Private","IND212",5,13,"IND","NOT_FOUND","834 28TH AVE, SAN FRANCISCO, CA 94121",1,6075,"SAN FRANCISCO",37.773613,-122.4871521
"Balboa Preschool","Private",-2,0,"PK-K","Independent / Private","IND213",3,5,"IND","380505671","527 BALBOA ST, SAN FRANCISCO, CA 94118",1,6075,"SAN FRANCISCO",37.7769318,-122.4644775
"Bay School Of San Francisco","Private",9,12,"9-12","Independent / Private","IND214",14,17,"IND","38684786138176","35 KEYES AVE, SAN FRANCISCO, CA 94129",2,6075,"SAN FRANCISCO",37.8005791,-122.4558182
"Big City Montessori School","Private",-2,0,"PK-K","Independent / Private","IND215",3,5,"IND","380503028","240 INDUSTRIAL ST, SAN FRANCISCO, CA 94124",10,6075,"SAN FRANCISCO",37.7386551,-122.4053116
"Brandeis Hillel School Of San Francisco","Private",0,8,"K-8","Independent / Private","IND216",5,13,"IND","38684786965578","655 BROTHERHOOD WAY, SAN FRANCISCO, CA 94132",7,6075,"SAN FRANCISCO",37.7134209,-122.4756393
"Bright Horizons - 2Nd St","Private",-2,4,"PK-4","Independent / Private","IND217",3,9,"IND","384002149","303 02ND ST STE 250, SAN FRANCISCO, CA 94107",6,6075,"SAN FRANCISCO",37.7852936,-122.3955688
"Bright Horizons - Kansas St","Private",-2,4,"PK-4","Independent / Private","IND218",3,9,"IND","384002477","200 KANSAS ST, SAN FRANCISCO, CA 94103",10,6075,"SAN FRANCISCO",37.7667313,-122.404213
"Bright Horizons - Letterman Digital Arts Child Care Center","Private",-2,4,"PK-4","Independent / Private","IND219",3,9,"IND","384001491","1 LETTERMAN DR BLDG B, SAN FRANCISCO, CA 94129",2,6075,"SAN FRANCISCO",37.7991753,-122.4505005
"Bright Horizons - Pacific Gas And Electric","Private",-2,4,"1-4","Independent / Private","IND220",3,5,"IND","384001513","77 BEALE ST, SAN FRANCISCO, CA 94105",6,6075,"SAN FRANCISCO",37.7916718,-122.3957214
"Bright Horizons - Pacific Gas And Electric","Private",-2,4,"PK-K","Independent / Private","IND221",6,10,"IND","380506487","77 BEALE ST, SAN FRANCISCO, CA 94105",6,6075,"SAN FRANCISCO",37.7917633,-122.3955917
"Brightworks","Private",0,8,"K-8","Independent / Private","IND222",5,13,"IND","38684786142079","1900 BRYANT ST, SAN FRANCISCO, CA 94110",9,6075,"SAN FRANCISCO",37.7622375,-122.4103775
"Buena Vista Child Care","Private",0,5,"K-5","Independent / Private","IND223",5,10,"IND","384002230","3351 23RD ST, SAN FRANCISCO, CA 94110",9,6075,"SAN FRANCISCO",37.7535667,-122.4202805
"Cathedral School For Boys","Private",0,8,"K-8","Independent / Private","IND224",5,13,"IND","38684786965586","1275 SACRAMENTO ST, SAN FRANCISCO, CA 94108",3,6075,"SAN FRANCISCO",37.7922897,-122.413414
"Childrens After School Arts","Private",0,6,"K-6","Independent / Private","IND225",5,11,"IND","384000345","584 CASTRO ST STE 264, SAN FRANCISCO, CA 94114",8,6075,"SAN FRANCISCO",37.7595901,-122.4352417
"Childrens Day School","Private",-2,8,"PK-8","Independent / Private","IND226",3,13,"IND","38684787096514","333 DOLORES ST, SAN FRANCISCO, CA 94110",8,6075,"SAN FRANCISCO",37.7642555,-122.4252014
"Chinese American International School","Private",0,8,"K-8","Independent / Private","IND227",5,13,"IND","38684787021116","150 OAK ST, SAN FRANCISCO, CA 94102",5,6075,"SAN FRANCISCO",37.7754288,-122.4224243
"Claire Lilienthal Alternative School - Madison Campus","Private",0,2,"K-2","Independent / Private","IND228",5,7,"IND","384000539","3950 SACRAMENTO ST, SAN FRANCISCO, CA 94118",2,6075,"SAN FRANCISCO",37.78722,-122.4580765
"Claire Lilienthal Alternative School - Scott Campus","Private",3,8,"3-8","Independent / Private","IND229",8,13,"IND","384000539","3630 DIVISADERO ST, SAN FRANCISCO, CA 94118",2,6075,"SAN FRANCISCO",37.8030357,-122.4426651
"Convent Of The Sacred Heart Elementary School","Private",0,8,"K-8","Independent / Private","IND230",5,13,"IND","38684786981138","2222 BROADWAY ST, SAN FRANCISCO, CA 94115",2,6075,"SAN FRANCISCO",37.7946892,-122.433876
"Convent Of The Sacred Heart High School","Private",9,12,"9-12","Independent / Private","IND231",14,17,"IND","38684786939540","2222 BROADWAY ST, SAN FRANCISCO, CA 94115",2,6075,"SAN FRANCISCO",37.7949181,-122.4340591
"Cornerstone Academy","Private",6,12,"6-12","Independent / Private","IND232",11,17,"IND","38684786133763","501 CAMBRIDGE ST, SAN FRANCISCO, CA 94134",9,6075,"SAN FRANCISCO",37.7249527,-122.4168472
"Cornerstone Academy","Private",0,5,"K-5","Independent / Private","IND233",5,10,"IND","38684786903165","801 SILVER AVE, SAN FRANCISCO, CA 94134",9,6075,"SAN FRANCISCO",37.7295837,-122.4183273
"Cross Cultural Family Center - Turk Street Center","Private",-2,4,"PK-4","Independent / Private","IND234",3,9,"IND","380506340","201 TURK ST, SAN FRANCISCO, CA 94102",6,6075,"SAN FRANCISCO",37.7827988,-122.4128647
"De Marillac Academy","Private",4,8,"4-8","Independent / Private","IND235",9,13,"IND","38684787104466","175 GOLDEN GATE AVE, SAN FRANCISCO, CA 94102",6,6075,"SAN FRANCISCO",37.7816582,-122.4133453
"Discovery Center School","Private",0,12,"K-12","Independent / Private","IND236",5,17,"IND","NOT_FOUND","1442 FULTON ST, SAN FRANCISCO, CA 94117",5,6075,"SAN FRANCISCO",37.7768364,-122.4406052
"Drew School","Private",9,12,"9-12","Independent / Private","IND237",14,17,"IND","38684786939557","2901 CALIFORNIA ST, SAN FRANCISCO, CA 94115",2,6075,"SAN FRANCISCO",37.7876434,-122.4423218
"Ecole Notre Dame Des Victoires","Private",0,8,"K-8","Independent / Private","IND238",5,13,"IND","38684786981500","659 PINE ST, SAN FRANCISCO, CA 94108",3,6075,"SAN FRANCISCO",37.7911148,-122.4064636
"Edgewood Center For Children And Families","Private",2,12,"2-12","Independent / Private","IND239",7,17,"IND","38684786908917","1801 VICENTE ST, SAN FRANCISCO, CA 94116",4,6075,"SAN FRANCISCO",37.7379837,-122.4862595
"Epiphany Elementary School","Private",0,8,"K-8","Independent / Private","IND240",5,13,"IND","38684786980734","600 ITALY AVE, SAN FRANCISCO, CA 94112",11,6075,"SAN FRANCISCO",37.7157249,-122.4345322
"Faces Sf Child Development Program - Bayview-Hunters Point","Private",-2,6,"PK-6","Independent / Private","IND241",3,11,"IND","384002200","100 WHITNEY YOUNG CIR, SAN FRANCISCO, CA 94124",10,6075,"SAN FRANCISCO",37.7340393,-122.3842163
"Fei Tian Academy Of The Arts California","Private",0,12,"K-12","Independent / Private","IND242",5,17,"IND","38684786139463","1950 PAGE ST, SAN FRANCISCO, CA 94117",5,6075,"SAN FRANCISCO",37.7704773,-122.4530029
"French American International School","Private",0,12,"K-12","Independent / Private","IND243",5,17,"IND","38684786981195","150 OAK ST, SAN FRANCISCO, CA 94102",5,6075,"SAN FRANCISCO",37.7754555,-122.4215775
"Fusion Academy San Francisco","Private",6,12,"6-12","Independent / Private","IND244",11,17,"IND","38684786143440","535 PACIFIC AVE FL 3, SAN FRANCISCO, CA 94133",3,6075,"SAN FRANCISCO",37.7970276,-122.4041824
"German International School Of Silicon Valley - San Francisco Campus","Private",0,8,"K-8","Independent / Private","IND245",5,13,"IND","38684786148308","4 FUNSTION AVE, SAN FRANCISCO, CA 94129",2,6075,"SAN FRANCISCO",37.8000069,-122.4555664
"Golden Bridges School","Private",-2,0,"PK-K","Independent / Private","IND246",3,5,"IND","38684786145635","3358 22ND ST, SAN FRANCISCO, CA 94110",8,6075,"SAN FRANCISCO",37.7554665,-122.4223099
"Hamlin School","Private",0,8,"K-8","Independent / Private","IND247",5,13,"IND","38684786997829","2120 BROADWAY ST, SAN FRANCISCO, CA 94115",2,6075,"SAN FRANCISCO",37.7947998,-122.4324951
"Hearing & Speech Center Of Northern California","Private",-2,0,"PK-K","Independent / Private","IND248",3,5,"IND","38684786980700","1234 DIVISADERO ST, SAN FRANCISCO, CA 94115",5,6075,"SAN FRANCISCO",37.7811737,-122.4387283
"Hergl School","Private",0,12,"K-12","Independent / Private","IND249",5,17,"IND","38684786914550","1570 GREENWICH ST, SAN FRANCISCO, CA 94123",2,6075,"SAN FRANCISCO",37.8003769,-122.4257202
"Hillwood Academic Day School","Private",1,8,"1-8","Independent / Private","IND250",6,13,"IND","38684786939607","2521 SCOTT ST, SAN FRANCISCO, CA 94115",2,6075,"SAN FRANCISCO",37.7933235,-122.4401169
"Holy Name Elementary School","Private",0,8,"K-8","Independent / Private","IND251",5,13,"IND","38684786981278","1560 40TH AVE, SAN FRANCISCO, CA 94122",4,6075,"SAN FRANCISCO",37.7576103,-122.4988785
"Immaculate Conception Academy","Private",9,12,"9-12","Independent / Private","IND252",14,17,"IND","38684786939615","3625 24TH ST, SAN FRANCISCO, CA 94110",8,6075,"SAN FRANCISCO",37.751667,-122.4234161
"Jewish Community High School Of The Bay","Private",9,12,"9-12","Independent / Private","IND253",14,17,"IND","38684786200554","1835 ELLIS ST, SAN FRANCISCO, CA 94115",5,6075,"SAN FRANCISCO",37.7816505,-122.436676
"Kangaroos Preschool","Private",-2,0,"PK-K","Independent / Private","IND254",3,5,"IND","384002312","298 MONTEREY BLVD, SAN FRANCISCO, CA 94131",7,6075,"SAN FRANCISCO",37.7318115,-122.4418335
"Katherine Delmar Burke School","Private",0,8,"K-8","Independent / Private","IND255",5,13,"IND","38684786981328","7070 CALIFORNIA ST, SAN FRANCISCO, CA 94121",2,6075,"SAN FRANCISCO",37.7842827,-122.4933243
"Katherine Michiels School","Private",-2,5,"PK-5","Independent / Private","IND256",3,10,"IND","380504523","1335 GUERRERO ST, SAN FRANCISCO, CA 94110",8,6075,"SAN FRANCISCO",37.7498169,-122.4223099
"Kids By The Bay Preschool","Private",-3,0,"PK-K","Independent / Private","IND257",2,5,"IND","384001720","90 7TH ST, SAN FRANCISCO, CA 94103",6,6075,"SAN FRANCISCO",37.7795486,-122.4121017
"Kittredge School","Private",0,8,"K-8","Independent / Private","IND258",5,13,"IND","38684786981336","2355 LAKE ST, SAN FRANCISCO, CA 94121",1,6075,"SAN FRANCISCO",37.7855072,-122.4849548
"Kzv Armenian School - Krouzian Zekarian Armenian School","Private",-2,8,"PK-8","Independent / Private","IND259",3,13,"IND","38684786913123","825 BROTHERHOOD WAY, SAN FRANCISCO, CA 94132",7,6075,"SAN FRANCISCO",37.7138405,-122.4783173
"La Scuola International School","Private",0,8,"K-8","Independent / Private","IND260",5,13,"IND","38684786144257","735 FELL ST, SAN FRANCISCO, CA 94117",5,6075,"SAN FRANCISCO",37.7749214,-122.4300461
"Lakeside Presbyterian Center For Children","Private",-2,0,"PK-K","Independent / Private","IND261",3,5,"IND","380500371","201 EUCALYPTUS DR, SAN FRANCISCO, CA 94132",7,6075,"SAN FRANCISCO",37.7307739,-122.4751968
"Laurel School","Private",0,8,"K-8","Independent / Private","IND262",5,13,"IND","NOT_FOUND","350 09TH AVE, SAN FRANCISCO, CA 94118",1,6075,"SAN FRANCISCO",37.7819405,-122.4673309
"Lick-Wilmerding High School","Private",9,12,"9-12","Independent / Private","IND263",14,17,"IND","38684786939649","755 OCEAN AVE, SAN FRANCISCO, CA 94112",7,6075,"SAN FRANCISCO",37.7223206,-122.4489822
"Lisa Kampner Hebrew Academy","Private",0,12,"K-12","Independent / Private","IND264",5,17,"IND","38684786981245","645 14TH AVE, SAN FRANCISCO, CA 94118",8,6075,"SAN FRANCISCO",37.767643,-122.4276199
"Little Angels Japanese Preschool","Private",-2,0,"PK","Independent / Private","IND265",2,5,"IND","384000322","1457 09TH AVE, SAN FRANCISCO, CA 94122",7,6075,"SAN FRANCISCO",37.7611313,-122.4664307
"Little People Preschool ","Private",-2,0,"PK-K","Independent / Private","IND266",3,5,"IND","384001910","3595 TARAVAL ST, SAN FRANCISCO, CA 94116",4,6075,"SAN FRANCISCO",37.7415428,-122.5042953
"Live Oak School","Private",0,8,"K-8","Independent / Private","IND267",5,13,"IND","38684786981377","1555 MARIPOSA ST, SAN FRANCISCO, CA 94107",10,6075,"SAN FRANCISCO",37.7635574,-122.3994675
"Living Hope Christian School","Private",0,12,"K-12","Independent / Private","IND268",5,17,"IND","NOT_FOUND","1209 GENEVA AVE, SAN FRANCISCO, CA 94112",11,6075,"SAN FRANCISCO",37.7143364,-122.4358292
"Lycee Francais De San Francisco","Private",6,12,"6-12","Independent / Private","IND269",11,17,"IND","38684786939664","1201 ORTEGA ST, SAN FRANCISCO, CA 94122",4,6075,"SAN FRANCISCO",37.7519875,-122.4768295
"Lycee Francais De San Francisco","Private",-2,5,"PK-5","Independent / Private","IND270",3,10,"IND","38684786146369","755 ASHBURY ST, SAN FRANCISCO, CA 94117",5,6075,"SAN FRANCISCO",37.767971,-122.4469681
"Marin Preparatory School","Private",0,8,"K-8","Independent / Private","IND271",5,13,"IND","NOT_FOUND","117 DIAMOND ST, SAN FRANCISCO, CA 94114",8,6075,"SAN FRANCISCO",37.7601242,-122.4367981
"Meadows-Livingstone School","Private",0,6,"K-6","Independent / Private","IND272",5,11,"IND","38684786909600","1497 POTRERO AVE STE 1, SAN FRANCISCO, CA 94110",10,6075,"SAN FRANCISCO",37.7496262,-122.4048386
"Mercy High School","Private",9,12,"9-12","Independent / Private","IND273",14,17,"IND","38684786939672","3250 19TH AVE, SAN FRANCISCO, CA 94132",7,6075,"SAN FRANCISCO",37.7294998,-122.473587
"Mission Dolores Academy","Private",0,8,"K-8","Independent / Private","IND274",5,13,"IND","38684786981716","3399 16TH ST, SAN FRANCISCO, CA 94114",8,6075,"SAN FRANCISCO",37.764122,-122.4282837
"Moldovan Academy","Private",-2,0,"PK-K","Independent / Private","IND275",3,5,"IND","384002294","1270 SANCHEZ ST, SAN FRANCISCO, CA 94114",8,6075,"SAN FRANCISCO",37.7488976,-122.4296799
"Montessori House Of Children","Private",0,1,"K-1","Independent / Private","IND276",5,6,"IND","380501318","1187 FRANKLIN ST, SAN FRANCISCO, CA 94109",5,6075,"SAN FRANCISCO",37.7850456,-122.4234161
"Mother Goose School","Private",-2,0,"PK-K","Independent / Private","IND277",3,5,"IND","380504982","334 28TH AVE, SAN FRANCISCO, CA 94121",1,6075,"SAN FRANCISCO",37.7830238,-122.4878387
"My City School","Private",6,8,"6-8","Independent / Private","IND278",11,13,"IND","NOT_FOUND","199 MUSEUM WAY, SAN FRANCISCO, CA 94114",8,6075,"SAN FRANCISCO",37.7644234,-122.4381485
"Oakes Childrens Center","Private",0,8,"K-8","Independent / Private","IND279",5,13,"IND","38684786981534","1550 TREAT AVE, SAN FRANCISCO, CA 94110",9,6075,"SAN FRANCISCO",37.7459297,-122.4126968
"Our Lady Of The Visitacion School","Private",0,8,"K-8","Independent / Private","IND280",5,13,"IND","38684786981559","785 SUNNYDALE AVE, SAN FRANCISCO, CA 94134",10,6075,"SAN FRANCISCO",37.7091217,-122.4095459
"Parkside Preschool & Kindergarten","Private",-2,0,"PK-K","Independent / Private","IND281",3,5,"IND","380506198","2425 19TH AVE, SAN FRANCISCO, CA 94116",4,6075,"SAN FRANCISCO",37.7426147,-122.4762497
"Pomeroy Recreation And Rehabilitation Center","Private",-2,12,"PK-12","Independent / Private","IND282",3,17,"IND","NOT_FOUND","207 SKYLINE BLVD, SAN FRANCISCO, CA 94132",7,6075,"SAN FRANCISCO",37.729641,-122.5018463
"Presidio Hill School","Private",-2,8,"PK-8","Independent / Private","IND283",3,13,"IND","38684786205652","3839 WASHINGTON ST, SAN FRANCISCO, CA 94118",2,6075,"SAN FRANCISCO",37.7885818,-122.4560623
"Presidio Knolls School","Private",0,8,"K-8","Independent / Private","IND284",5,13,"IND","38684786144034","250 10TH ST, SAN FRANCISCO, CA 94103",6,6075,"SAN FRANCISCO",37.7731895,-122.4137039
"Proof School","Private",6,12,"6-12","Independent / Private","IND285",11,17,"IND","38684786150254","555 POST ST, SAN FRANCISCO, CA 94102",3,6075,"SAN FRANCISCO",37.7876549,-122.4109421
"Rise Institute","Private",0,12,"K-12","Independent / Private","IND286",5,17,"IND","38684787019417","1760 CESAR CHAVEZ STE R, SAN FRANCISCO, CA 94124",10,6075,"SAN FRANCISCO",37.7503242,-122.3940582
"Sacred Heart Cathedral Preparatory","Private",9,12,"9-12","Independent / Private","IND287",14,17,"IND","38684786939748","1055 ELLIS ST, SAN FRANCISCO, CA 94109",5,6075,"SAN FRANCISCO",37.783287,-122.4231873
"Saint Anne Elementary School","Private",0,8,"K-8","Independent / Private","IND288",5,13,"IND","38684786981658","1320 14TH AVE, SAN FRANCISCO, CA 94122",5,6075,"SAN FRANCISCO",37.7630234,-122.471283
"Saint Anthony - Immaculate Conception School","Private",0,8,"K-8","Independent / Private","IND289",5,13,"IND","38684786981666","295 PRECITA AVE, SAN FRANCISCO, CA 94110",9,6075,"SAN FRANCISCO",37.7475357,-122.4142227
"Saint Brendan School","Private",0,8,"K-8","Independent / Private","IND290",5,13,"IND","38684786981674","940 LAGUNA HONDA BLVD, SAN FRANCISCO, CA 94127",7,6075,"SAN FRANCISCO",37.7428551,-122.455925
"Saint Brigid School","Private",0,8,"K-8","Independent / Private","IND291",5,13,"IND","38684786981682","2230 FRANKLIN ST, SAN FRANCISCO, CA 94109",2,6075,"SAN FRANCISCO",37.7951469,-122.4247589
"Saint Cecilia School","Private",0,8,"K-8","Independent / Private","IND292",5,13,"IND","38684786981690","600 VICENTE ST, SAN FRANCISCO, CA 94116",7,6075,"SAN FRANCISCO",37.739872,-122.4736023
"Saint Charles School","Private",0,8,"K-8","Independent / Private","IND293",5,13,"IND","38684786981708","376 SHOTWELL ST, SAN FRANCISCO, CA 94110",9,6075,"SAN FRANCISCO",37.7623215,-122.4164429
"Saint Finn Barr Catholic School","Private",0,8,"K-8","Independent / Private","IND294",5,13,"IND","38684786981740","419 HEARST AVE, SAN FRANCISCO, CA 94112",7,6075,"SAN FRANCISCO",37.7304459,-122.4474106
"Saint Gabriel Catholic School","Private",0,8,"K-8","Independent / Private","IND295",5,13,"IND","38684786981765","2550 41ST AVE, SAN FRANCISCO, CA 94116",4,6075,"SAN FRANCISCO",37.739563,-122.4986343
"Saint Ignatius College Preparatory","Private",9,12,"9-12","Independent / Private","IND296",14,17,"IND","38684786939722","2001 37TH AVE, SAN FRANCISCO, CA 94116",4,6075,"SAN FRANCISCO",37.7488632,-122.4958191
"Saint James Catholic School","Private",0,8,"K-8","Independent / Private","IND297",5,13,"IND","38684786981773","325 FAIR OAKS ST, SAN FRANCISCO, CA 94110",8,6075,"SAN FRANCISCO",37.7511368,-122.4235916
"Saint John Catholic School","Private",0,8,"K-8","Independent / Private","IND298",5,13,"IND","38684786139893","925 CHENERY ST, SAN FRANCISCO, CA 94131",8,6075,"SAN FRANCISCO",37.7348862,-122.4375305
"Saint John Of San Francisco Orthodox Academy","Private",0,12,"K-12","Independent / Private","IND299",5,17,"IND","38684787096191","6210 GEARY BLVD, SAN FRANCISCO, CA 94121",1,6075,"SAN FRANCISCO",37.7803268,-122.4863358
"Saint Marys School","Private",0,8,"K-8","Independent / Private","IND300",5,13,"IND","38684786981997","838 KEARNY STREET, SAN FRANCISCO, CA 94108",3,6075,"SAN FRANCISCO",37.7959442,-122.4049072
"Saint Monica School","Private",0,8,"K-8","Independent / Private","IND301",5,13,"IND","38684786980585","476 24TH AVE, SAN FRANCISCO, CA 94121",1,6075,"SAN FRANCISCO",37.7806129,-122.4833374
"Saint Pauls Littlest Angel Preparatory","Private",-2,0,"PK-K","Independent / Private","IND302",3,5,"IND","380506430","221 VALLEY ST STE X, SAN FRANCISCO, CA 94131",8,6075,"SAN FRANCISCO",37.7441902,-122.427742
"Saint Pauls School","Private",0,8,"K-8","Independent / Private","IND303",5,13,"IND","38684786980601","1690 CHURCH ST, SAN FRANCISCO, CA 94131",8,6075,"SAN FRANCISCO",37.7439232,-122.4269257
"Saint Peters School","Private",0,8,"K-8","Independent / Private","IND304",5,13,"IND","38684786980619","1255 ALABAMA ST, SAN FRANCISCO, CA 94110",9,6075,"SAN FRANCISCO",37.7517014,-122.4103622
"Saint Philip School","Private",0,8,"K-8","Independent / Private","IND305",5,13,"IND","38684786980627","665 ELIZABETH ST, SAN FRANCISCO, CA 94114",8,6075,"SAN FRANCISCO",37.7517586,-122.4355392
"Saint Stephen School","Private",0,8,"K-8","Independent / Private","IND306",5,13,"IND","38684786980643","473 EUCALYPTUS DR, SAN FRANCISCO, CA 94132",7,6075,"SAN FRANCISCO",37.7309113,-122.477684
"Saint Thomas More","Private",0,8,"K-8","Independent / Private","IND307",5,13,"IND","38684786980650","50 THOMAS MORE WAY, SAN FRANCISCO, CA 94132",7,6075,"SAN FRANCISCO",37.7122993,-122.4733887
"Saint Thomas The Apostle Elementary School","Private",0,8,"K-8","Independent / Private","IND308",5,13,"IND","38684786980668","3801 BALBOA ST, SAN FRANCISCO, CA 94121",1,6075,"SAN FRANCISCO",37.7750969,-122.4997711
"Saint Vincent De Paul School","Private",-2,8,"K-8","Independent / Private","IND309",3,13,"IND","38684786980676","2350 GREEN ST, SAN FRANCISCO, CA 94123",2,6075,"SAN FRANCISCO",37.7961121,-122.437851
"Saints Peter And Paul Elementary School","Private",0,8,"K-8","Independent / Private","IND310",5,13,"IND","38684786980684","660 FILBERT ST, SAN FRANCISCO, CA 94133",3,6075,"SAN FRANCISCO",37.8015976,-122.4102173
"San Francisco Adventist","Private",0,8,"K-8","Independent / Private","IND311",5,13,"IND","38684786980718","66 GENEVA AVE, SAN FRANCISCO, CA 94112",11,6075,"SAN FRANCISCO",37.721714,-122.4511871
"San Francisco Christian School","Private",0,12,"K-12","Independent / Private","IND312",5,17,"IND","38684786980692","25 WHITTIER ST, SAN FRANCISCO, CA 94112",11,6075,"SAN FRANCISCO",37.7100372,-122.4477539
"San Francisco City Academy","Private",0,8,"K-8","Independent / Private","IND313",5,13,"IND","38684787095755","230 JONES ST, SAN FRANCISCO, CA 94102",6,6075,"SAN FRANCISCO",37.7835045,-122.4122009
"San Francisco Day School","Private",0,8,"K-8","Independent / Private","IND314",5,13,"IND","38684786915748","350 MASONIC AVE, SAN FRANCISCO, CA 94118",5,6075,"SAN FRANCISCO",37.7780418,-122.4462814
"San Francisco Expeditionary School","Private",3,8,"3-8","Independent / Private","IND315",8,13,"IND","38684786147037","2960 BROADWAY ST, SAN FRANCISCO, CA 94115",2,6075,"SAN FRANCISCO",37.7931862,-122.4458923
"San Francisco Friends School","Private",0,8,"K-8","Independent / Private","IND316",5,13,"IND","38684786204762","250 VALENCIA ST, SAN FRANCISCO, CA 94103",8,6075,"SAN FRANCISCO",37.7689781,-122.422905
"San Francisco Pacific Academy","Private",0,8,"K-8","Independent / Private","IND317",5,13,"IND","38684786146054","3301 BALBOA ST, SAN FRANCISCO, CA 94121",1,6075,"SAN FRANCISCO",37.7756386,-122.4942856
"San Francisco Public Montessori","Private",-2,5,"PK-5","Independent / Private","IND318",3,10,"IND","38684780123117","2340 JACKSON ST, SAN FRANCISCO, CA 94115",2,6075,"SAN FRANCISCO",37.7928658,-122.4336014
"San Francisco School","Private",0,8,"K-8","Independent / Private","IND319",5,13,"IND","38684786980726","300 GAVEN ST, SAN FRANCISCO, CA 94134",9,6075,"SAN FRANCISCO",37.7327805,-122.4116974
"San Francisco Schoolhouse (Congregation Beth Shalom)","Private",0,8,"K-8","Independent / Private","IND320",5,13,"IND","384000303","301 14TH AVE, SAN FRANCISCO, CA 94118",1,6075,"SAN FRANCISCO",37.7823906,-122.4731674
"San Francisco University High School","Private",9,12,"9-12","Independent / Private","IND321",14,17,"IND","EXP 2015-06-15","3065 JACKSON ST, SAN FRANCISCO, CA 94115",2,6075,"SAN FRANCISCO",37.790657,-122.4453506
"San Francisco Waldorf High School","Private",9,12,"9-12","Independent / Private","IND322",14,17,"IND","NOT_FOUND","470 WEST PORTAL AVE, SAN FRANCISCO, CA 94127",7,6075,"SAN FRANCISCO",37.7360153,-122.471199
"San Francisco Waldorf School","Private",-2,8,"PK-8","Independent / Private","IND323",3,13,"IND","38684786907927","2938 WASHINGTON ST, SAN FRANCISCO, CA 94115",2,6075,"SAN FRANCISCO",37.7907829,-122.4419098
"Sand Paths Academy","Private",8,12,"8-12","Independent / Private","IND324",13,17,"IND","38684786987101","1218 S VAN NESS AVE, SAN FRANCISCO, CA 94110",9,6075,"SAN FRANCISCO",37.7534676,-122.4167175
"Second Community Child Care Center","Private",0,5,"K-5","Independent / Private","IND325",5,10,"IND","380505027","500 CLARENDON AVE, SAN FRANCISCO, CA 94131",7,6075,"SAN FRANCISCO",37.7537117,-122.456131
"Star Of The Sea School","Private",0,8,"K-8","Independent / Private","IND326",5,13,"IND","38684786980742","360 09TH AVE, SAN FRANCISCO, CA 94118",1,6075,"SAN FRANCISCO",37.7815628,-122.4672852
"Sterne School","Private",5,12,"5-12","Independent / Private","IND327",10,17,"IND","NOT_FOUND","2690 JACKSON ST, SAN FRANCISCO, CA 94115",2,6075,"SAN FRANCISCO",37.792057,-122.4393539
"Stratford School - San Francisco","Private",-2,8,"PK-8","Independent / Private","IND328",3,13,"IND","38684786135651","301 DE MONTFORT AVE, SAN FRANCISCO, CA 94112",7,6075,"SAN FRANCISCO",37.7231255,-122.4616318
"Stuart Hall For Boys","Private",0,8,"K-8","Independent / Private","IND329",5,13,"IND","38684786980759","2222 BROADWAY ST, SAN FRANCISCO, CA 94115",2,6075,"SAN FRANCISCO",37.7946167,-122.434288
"Stuart Hall High School","Private",9,12,"9-12","Independent / Private","IND330",14,17,"IND","38684787104631","1715 OCTAVIA ST, SAN FRANCISCO, CA 94109",5,6075,"SAN FRANCISCO",37.7886276,-122.4272385
"Synergy Elementary School","Private",0,8,"K-8","Independent / Private","IND331",5,13,"IND","38684786905913","1387 VALENCIA ST, SAN FRANCISCO, CA 94110",9,6075,"SAN FRANCISCO",37.750885,-122.4203262
"Town School For Boys","Private",0,8,"K-8","Independent / Private","IND332",5,13,"IND","38684786980833","2750 JACKSON ST, SAN FRANCISCO, CA 94115",2,6075,"SAN FRANCISCO",37.7920341,-122.4401321
"Urban School Of San Francisco","Private",9,12,"9-12","Independent / Private","IND333",14,17,"IND","38684786938930","1563 PAGE ST, SAN FRANCISCO, CA 94117",5,6075,"SAN FRANCISCO",37.7708321,-122.4463501
"Voice Of Pentecost Academy","Private",0,12,"K-12","Independent / Private","IND334",5,17,"IND","38684786938914","1970 OCEAN AVE, SAN FRANCISCO, CA 94127",7,6075,"SAN FRANCISCO",37.7263641,-122.463974
"Walden Academy","Private",8,12,"8-12","Independent / Private","IND335",13,17,"IND","NOT_FOUND","214 HAIGHT ST, SAN FRANCISCO, CA 94102",5,6075,"SAN FRANCISCO",37.7729416,-122.4261475
"Wen Jian Ying","Private",0,12,"K-12","Independent / Private","IND336",5,17,"IND","38684786203384","259 JUDSON AVE, SAN FRANCISCO, CA 94112",7,6075,"SAN FRANCISCO",37.7280197,-122.4475708
"West Portal Lutheran School","Private",0,8,"K-8","Independent / Private","IND337",5,13,"IND","38684786980874","200 SLOAT BLVD, SAN FRANCISCO, CA 94132",7,6075,"SAN FRANCISCO",37.7350922,-122.473999
"Woodside International School","Private",9,12,"9-12","Independent / Private","IND338",14,17,"IND","38684787078710","1555 IRVING ST, SAN FRANCISCO, CA 94122",5,6075,"SAN FRANCISCO",37.7634315,-122.4747467
"Youth Chance High School","Private",9,12,"9-12","Independent / Private","IND339",14,17,"IND","38684786204242","169 STEUART ST, SAN FRANCISCO, CA 94105",6,6075,"SAN FRANCISCO",37.7925186,-122.3920212
"Zion Lutheran School","Private",0,8,"K-8","Independent / Private","IND340",5,13,"IND","38684786980890","495 09TH AVE, SAN FRANCISCO, CA 94118",1,6075,"SAN FRANCISCO",37.7792397,-122.4676361
"ABC Preschool","Private",-2,-1,"PK","Independent / Private","CDC001",3,4,"CDC","380506527","426 33RD AVE, SAN FRANCISCO, CA 94121",1,6075,"SAN FRANCISCO",37.7811394,-122.493042
"Alta Plaza Preschool","Private",-2,-1,"PK","Independent / Private","CDC002",3,4,"CDC","384000037","2140 PIERCE ST, SAN FRANCISCO, CA 94115",2,6075,"SAN FRANCISCO",37.7902031,-122.4371948
"Angelas Children Center","Private",-2,-1,"PK","Independent / Private","CDC003",3,4,"CDC","380505898","775 07TH AVE, SAN FRANCISCO, CA 94118",1,6075,"SAN FRANCISCO",37.7739983,-122.4651794
"Angelinas Preschool","Private",-2,-1,"PK","Independent / Private","CDC004",3,4,"CDC","384001103","1851 NORIEGA ST, SAN FRANCISCO, CA 94122",4,6075,"SAN FRANCISCO",37.7536659,-122.4837646
"Angelinas School Day Care","Private",-2,-1,"PK","Independent / Private","CDC005",3,4,"CDC","NOT_FOUND_ADDR","4635 CABRILLO ST, SAN FRANCISCO, CA 94121",1,6075,"SAN FRANCISCO",37.7730904,-122.5084
"Ark Christian Preschool","Private",-2,-1,"PK","Independent / Private","CDC006",3,4,"CDC","380504714","3141 VICENTE ST, SAN FRANCISCO, CA 94116",4,6075,"SAN FRANCISCO",37.7380295,-122.5007858
"Buen Dia Family School","Private",-2,-1,"PK","Independent / Private","CDC007",3,4,"CDC","380504038","589 GUERRERO ST, SAN FRANCISCO, CA 94110",8,6075,"SAN FRANCISCO",37.7619324,-122.4234543
"C5 Childrens School - Sf City Building Center","Private",-2,-1,"PK","Independent / Private","CDC008",3,4,"CDC","384000654","525 GOLDEN GATE AVE, SAN FRANCISCO, CA 94102",6,6075,"SAN FRANCISCO",37.7811089,-122.4189224
"C5 Childrens School - State Building Center","Private",-2,-1,"PK","Independent / Private","CDC009",3,4,"CDC","384002299","455 GOLDEN GATE AVE, SAN FRANCISCO, CA 94102",6,6075,"SAN FRANCISCO",37.7810402,-122.4179153
"Calvary Presbyterian Church - Calvary Nursery School","Private",-2,-1,"PK","Independent / Private","CDC010",3,4,"CDC","380500099","2515 FILLMORE ST, SAN FRANCISCO, CA 94115",2,6075,"SAN FRANCISCO",37.7927132,-122.4350891
"Centro Las Olas - Centro De Desarrollo Infantil","Private",-2,-1,"PK","Independent / Private","CDC011",3,4,"CDC","384001625","3737 26TH ST, SAN FRANCISCO, CA 94110",8,6075,"SAN FRANCISCO",37.7483635,-122.4240494
"Chibi Chan Preschool","Private",-2,-1,"PK","Independent / Private","CDC012",3,4,"CDC","384000923","2012 PINE ST, SAN FRANCISCO, CA 94115",5,6075,"SAN FRANCISCO",37.788784,-122.4292908
"Chinatown Community Childrens Center","Private",-2,-1,"PK","Independent / Private","CDC013",3,4,"CDC","380505035","979 CLAY ST, SAN FRANCISCO, CA 94108",3,6075,"SAN FRANCISCO",37.7936096,-122.4091034
"Chinese American International School","Private",-2,-1,"PK","Independent / Private","CDC014",3,4,"CDC","384001964","42 WALLER ST, SAN FRANCISCO, CA 94102",5,6075,"SAN FRANCISCO",37.7722282,-122.4242325
"Compass Childrens Center","Private",-2,-1,"PK","Independent / Private","CDC015",3,4,"CDC","384000988","144 LEAVENWORTH ST, SAN FRANCISCO, CA 94102",6,6075,"SAN FRANCISCO",37.7824287,-122.4137192
"Compass Clara House","Private",-2,-1,"PK","Independent / Private","CDC016",3,4,"CDC","384000989","111 PAGE ST, SAN FRANCISCO, CA 94102",5,6075,"SAN FRANCISCO",37.7737427,-122.4230423
"Congregation Beth Sholom Family Preschool","Private",-2,-1,"PK","Independent / Private","CDC017",3,4,"CDC","384000303","301 14TH AVE, SAN FRANCISCO, CA 94118",1,6075,"SAN FRANCISCO",37.7823868,-122.473381
"Congregation Emanu-El Preschool","Private",-2,-1,"PK","Independent / Private","CDC018",3,4,"CDC","384000060","2 LAKE ST, SAN FRANCISCO, CA 94118",2,6075,"SAN FRANCISCO",37.7873383,-122.4597931
"Cornerstone Academy","Private",-2,-1,"PK","Independent / Private","CDC019",3,4,"CDC","38684787086192","1925 LAWTON ST, SAN FRANCISCO, CA 94134",4,6075,"SAN FRANCISCO",37.7574196,-122.4836655
"Cow Hollow Kindergarten","Private",-2,-1,"PK","Independent / Private","CDC020",3,4,"CDC","38684786918601","65 FUNSTON AVE, SAN FRANCISCO, CA 94129",2,6075,"SAN FRANCISCO",37.7990494,-122.4555283
"Crayon Box Preschool","Private",-2,-1,"PK","Independent / Private","CDC021",3,4,"CDC","384001502","65 OCEAN AVE, SAN FRANCISCO, CA 94112",11,6075,"SAN FRANCISCO",37.7232895,-122.4387741
"Cross Cultural Family Center - Bertha E Flemming Center","Private",-2,-1,"PK","Independent / Private","CDC022",3,4,"CDC","380504073","1901 OFARRELL ST, SAN FRANCISCO, CA 94115",5,6075,"SAN FRANCISCO",37.782711,-122.4362335
"Cross Cultural Family Center - Marcus Garvey Center","Private",-2,-1,"PK","Independent / Private","CDC023",3,4,"CDC","380504742","1630 EDDY ST, SAN FRANCISCO, CA 94115",5,6075,"SAN FRANCISCO",37.7815971,-122.4348602
"Cross Cultural Family Center - Mary Lane Infant And Toddler Center","Private",-2,-1,"PK","Independent / Private","CDC024",3,4,"CDC","384001117","1 WEBSTER ST, SAN FRANCISCO, CA 94123",8,6075,"SAN FRANCISCO",37.7696991,-122.4284744
"Cross Cultural Family Center - Richmond I And Ii","Private",-2,-1,"PK","Independent / Private","CDC025",3,4,"CDC","380505039","750 31ST AVE, SAN FRANCISCO, CA 94121",1,6075,"SAN FRANCISCO",37.7751007,-122.4902802
"Economic Opportunity Council Sf - Chinatown Childcare","Private",-2,-1,"PK","Independent / Private","CDC026",3,4,"CDC","380504308","715 CHESTNUT ST, SAN FRANCISCO, CA 94134",3,6075,"SAN FRANCISCO",37.803215,-122.4152298
"Economic Opportunity Council Sf - Cleo Wallace Childcare","Private",-2,-1,"PK","Independent / Private","CDC027",3,4,"CDC","380504451","65 TURNER TER, SAN FRANCISCO, CA 94107",10,6075,"SAN FRANCISCO",37.7556686,-122.3946991
"Economic Opportunity Council Sf - Delta Preschool","Private",-2,-1,"PK","Independent / Private","CDC028",3,4,"CDC","380504362","300 LELAND AVE, SAN FRANCISCO, CA 94134",10,6075,"SAN FRANCISCO",37.7133789,-122.4095535
"Economic Opportunity Council Sf - Martin Luther King Childcare","Private",-2,-1,"PK","Independent / Private","CDC029",3,4,"CDC","380504362","200 CASHMERE ST, SAN FRANCISCO, CA 94124",10,6075,"SAN FRANCISCO",37.7370415,-122.3860474
"Economic Opportunity Council Sf - Omi Childcare","Private",-2,-1,"PK","Independent / Private","CDC030",3,4,"CDC","380504445","306 RANDOLPH ST, SAN FRANCISCO, CA 94132",11,6075,"SAN FRANCISCO",37.7144966,-122.4655762
"Economic Opportunity Council Sf - Oscaryne Williams Center Of Hope","Private",-2,-1,"PK","Independent / Private","CDC031",3,4,"CDC","380506485","65 TURNER TER, SAN FRANCISCO, CA 94107",10,6075,"SAN FRANCISCO",37.7557983,-122.3949738
"Economic Opportunity Council Sf - Rainbow Preschool","Private",-2,-1,"PK","Independent / Private","CDC032",3,4,"CDC","380505485","795 PACIFIC AVE, SAN FRANCISCO, CA 94133",3,6075,"SAN FRANCISCO",37.7965279,-122.4076385
"Economic Opportunity Council Sf - Sojourner Truth Childcare","Private",-2,-1,"PK","Independent / Private","CDC033",3,4,"CDC","380504346","1 CASHMERE ST, SAN FRANCISCO, CA 94124",10,6075,"SAN FRANCISCO",37.7358322,-122.3818741
"Economic Opportunity Council Sf - Western Addition Childcare","Private",-2,-1,"PK","Independent / Private","CDC034",3,4,"CDC","380504379","1455 GOLDEN GATE AVE, SAN FRANCISCO, CA 94115",5,6075,"SAN FRANCISCO",37.7789383,-122.434433
"Eureka Learning Center","Private",-2,-1,"PK","Independent / Private","CDC035",3,4,"CDC","38684787044605","464 DIAMOND ST, SAN FRANCISCO, CA 94114",8,6075,"SAN FRANCISCO",37.7549667,-122.4370041
"Everyday Magic Child Development Center","Private",-2,-1,"PK","Independent / Private","CDC036",3,4,"CDC","380506320","220 MIDDLEFIELD DR, SAN FRANCISCO, CA 94132",7,6075,"SAN FRANCISCO",37.7305717,-122.485817
"Faces Sf Child Development Program - Haight Ashbury/Masonic","Private",-2,-1,"PK","Independent / Private","CDC037",3,4,"CDC","384002201","1101 MASONIC AVE, SAN FRANCISCO, CA 94117",5,6075,"SAN FRANCISCO",37.7708893,-122.4458694
"Faces Sf Child Development Program - Hayes Valley","Private",-2,-1,"PK","Independent / Private","CDC038",3,4,"CDC","384002202","305 BUCHANAN ST, SAN FRANCISCO, CA 94102",5,6075,"SAN FRANCISCO",37.7729073,-122.4280319
"Family School","Private",-2,-1,"PK","Independent / Private","CDC039",3,4,"CDC","384000805","3101 MISSION ST, SAN FRANCISCO, CA 94110",9,6075,"SAN FRANCISCO",37.7479935,-122.4181366
"Friends Of Potrero Hill Preschool","Private",-2,-1,"PK","Independent / Private","CDC040",3,4,"CDC","384002303","1060 TENNESSEE ST STE A, SAN FRANCISCO, CA 94107",10,6075,"SAN FRANCISCO",37.7585602,-122.3895874
"Friends Of Saint Francis Child Care Center","Private",-2,-1,"PK","Independent / Private","CDC041",3,4,"CDC","380504229","50 BELCHER ST, SAN FRANCISCO, CA 94114",8,6075,"SAN FRANCISCO",37.768589,-122.4303436
"Gates And Bridges Preschool","Private",-2,-1,"PK","Independent / Private","CDC042",3,4,"CDC","380504276","1601 10TH AVE, SAN FRANCISCO, CA 94112",7,6075,"SAN FRANCISCO",37.758255,-122.4671478
"Glen Park Montessori Preschool","Private",-2,-1,"PK","Independent / Private","CDC043",3,4,"CDC","384000740","649 CHENERY ST, SAN FRANCISCO, CA 94131",8,6075,"SAN FRANCISCO",37.7342949,-122.4329147
"Glenridge Cooperative Nursery School","Private",-2,-1,"PK","Independent / Private","CDC044",3,4,"CDC","380500240","70 ELK ST, SAN FRANCISCO, CA 94131",8,6075,"SAN FRANCISCO",37.7361908,-122.440033
"Glide Family Youth And Childcare Center","Private",-2,-1,"PK","Independent / Private","CDC045",3,4,"CDC","384000531","330 ELLIS ST, SAN FRANCISCO, CA 94102",6,6075,"SAN FRANCISCO",37.7852898,-122.4116974
"Golden Gate Guppies Preschool","Private",-2,-1,"PK","Independent / Private","CDC046",3,4,"CDC","384002090","2426 CALIFORNIA ST, SAN FRANCISCO, CA 94115",2,6075,"SAN FRANCISCO",37.7891235,-122.4345093
"Good Samaritan Child Development Center","Private",-2,-1,"PK","Independent / Private","CDC047",3,4,"CDC","384000227","1294 POTRERO AVE, SAN FRANCISCO, CA 94110",9,6075,"SAN FRANCISCO",37.751873,-122.4065704
"Grace Cathederal Community Preschool","Private",-2,-1,"PK","Independent / Private","CDC048",3,4,"CDC","NOT_FOUND","1100 CALIFORNIA ST, SAN FRANCISCO, CA 94108",3,6075,"SAN FRANCISCO",37.7921829,-122.4135971
"Grace Lutheran Church - Grace Infant Care Center","Private",-4,-2,"INF","Independent / Private","CDC049",1,3,"CDC","380504016","3201 ULLOA ST, SAN FRANCISCO, CA 94116",4,6075,"SAN FRANCISCO",37.7402611,-122.4908524
"Haight Ashbury Community Nursery School","Private",-2,-1,"PK","Independent / Private","CDC050",3,4,"CDC","380500254","1180 STANYAN ST, SAN FRANCISCO, CA 94117",5,6075,"SAN FRANCISCO",37.7624512,-122.451889
"Happy Day Preschool","Private",-2,-1,"PK","Independent / Private","CDC051",3,4,"CDC","384001687","809 TARAVAL ST, SAN FRANCISCO, CA 94116",7,6075,"SAN FRANCISCO",37.742836,-122.4748917
"Happy Times Nursery School","Private",-2,-1,"PK","Independent / Private","CDC052",3,4,"CDC","380503588","1090 QUINTARA ST, SAN FRANCISCO, CA 94116",4,6075,"SAN FRANCISCO",37.7488556,-122.4767914
"Hilltop Child Development Center","Private",-2,-1,"PK","Independent / Private","CDC053",3,4,"CDC","384002329","2728 BRYANT ST, SAN FRANCISCO, CA 94110",9,6075,"SAN FRANCISCO",37.7504654,-122.4091492
"Holy Family Day Home","Private",-2,-1,"PK","Independent / Private","CDC054",3,4,"CDC","380500308","299 DOLORES ST, SAN FRANCISCO, CA 94103",8,6075,"SAN FRANCISCO",37.7649918,-122.4257965
"Jefferson Early Education School","SFUSD",-2,-1,"PK","USD PreK","CDC055",3,4,"CDC","380504419","1350 25TH AVE, San Francisco, CA 94122",4,6075,"SAN FRANCISCO",37.7623596,-122.4831619
"Jewish Community Center San Francisco - Brotherhood Way Preschool","Private",-2,-1,"PK","Independent / Private","CDC056",3,4,"CDC","380500086","655 BROTHERHOOD WAY, SAN FRANCISCO, CA 94132",7,6075,"SAN FRANCISCO",37.7131233,-122.475296
"Jewish Community Center San Francisco - Helen Diller Family Preschool","Private",-2,-1,"PK","Independent / Private","CDC057",3,4,"CDC","384001263","3200 CALIFORNIA ST, SAN FRANCISCO, CA 94118",2,6075,"SAN FRANCISCO",37.787365,-122.4472198
"Jewish Community Center San Francisco - Rosenberg Early Childhood Center","Private",-2,-1,"PK","Independent / Private","CDC058",3,4,"CDC","380504700","325 ARGUELLO BLVD, SAN FRANCISCO, CA 94118",1,6075,"SAN FRANCISCO",37.7845879,-122.4594879
"Kai Ming Head Start - Battery Center","Private",-2,-1,"PK","Independent / Private","CDC059",3,4,"CDC","384001838","820 BATTERY ST, SAN FRANCISCO, CA 94111",3,6075,"SAN FRANCISCO",37.7989731,-122.4005814
"Kai Ming Head Start - Geary Center","Private",-2,-1,"PK","Independent / Private","CDC060",3,4,"CDC","384001291","6221 GEARY BLVD, SAN FRANCISCO, CA 94121",1,6075,"SAN FRANCISCO",37.7797203,-122.4861908
"Kai Ming Head Start - North Beach Center","Private",-2,-1,"PK","Independent / Private","CDC061",3,4,"CDC","384001489","1188 COLUMBUS AVE, SAN FRANCISCO, CA 94133",3,6075,"SAN FRANCISCO",37.8048515,-122.41642
"Kai Ming Head Start - Richmond Center","Private",-2,-1,"PK","Independent / Private","CDC062",3,4,"CDC","384001019","426 33RD AVE, SAN FRANCISCO, CA 94121",1,6075,"SAN FRANCISCO",37.7811279,-122.4932022
"Kai Ming Head Start - Saint Luke Center","Private",-2,-1,"PK","Independent / Private","CDC063",3,4,"CDC","384002582","1755 CLAY ST, SAN FRANCISCO, CA 94109",3,6075,"SAN FRANCISCO",37.7920609,-122.4221497
"Kai Ming Head Start - Sunset Center","Private",-2,-1,"PK","Independent / Private","CDC064",3,4,"CDC","384001393","2800 TARAVAL ST, SAN FRANCISCO, CA 94116",4,6075,"SAN FRANCISCO",37.7423935,-122.4962769
"Kai Ming Head Start - Tkl Center (Dr T Kong Lee)","Private",-2,-1,"PK","Independent / Private","CDC065",3,4,"CDC","380505563","952 POWELL ST, SAN FRANCISCO, CA 94108",3,6075,"SAN FRANCISCO",37.7937202,-122.4092941
"Kellys Family Day Care","Private",-2,-1,"PK","Independent / Private","CDC066",3,4,"CDC","NOT_FOUND","309 30TH ST, SAN FRANCISCO, CA 94131",8,6075,"SAN FRANCISCO",37.741787,-122.4272919
"Kids Kollege Preschool","Private",-2,-1,"PK","Independent / Private","CDC067",3,4,"CDC","380505246","3939 LAWTON ST, SAN FRANCISCO, CA 94122",4,6075,"SAN FRANCISCO",37.7564621,-122.5052414
"Kinderhaus - German International Preschool","Private",-2,-1,"PK","Independent / Private","CDC068",3,4,"CDC","384002638","198 WATERVILLE ST, SAN FRANCISCO, CA 94124",10,6075,"SAN FRANCISCO",37.7325287,-122.4024963
"La Piccola Scuola Italiana Preschool","Private",-2,-1,"PK","Independent / Private","CDC069",3,4,"CDC","NOT_FOUND","728 20TH ST, SAN FRANCISCO, CA 94107",10,6075,"SAN FRANCISCO",37.7606812,-122.3891983
"Laguna Golden Gate Child Care Center","SFUSD",-2,-1,"PK","USD PreK","CDC070",3,4,"CDC","SFUSD unknown","1025 LAGUNA ST, SAN FRANCISCO CA 94115",5,6075,"SAN FRANCISCO",37.7806358,-122.42733
"Lands End School","Private",-2,-1,"PK","Independent / Private","CDC071",3,4,"CDC","380506270","4150 CLEMENT ST BLDG T35, SAN FRANCISCO, CA 94121",1,6075,"SAN FRANCISCO",37.7825928,-122.5045776
"Laurel Hill Nursery School","Private",-2,-1,"PK","Independent / Private","CDC072",3,4,"CDC","380504783","401 EUCLID AVE, SAN FRANCISCO, CA 94118",2,6075,"SAN FRANCISCO",37.7837982,-122.4527283
"Learning Bridge Preschool","Private",-2,-1,"PK","Independent / Private","CDC073",3,4,"CDC","384000353","1050 KIRKHAM ST, SAN FRANCISCO, CA 94122",7,6075,"SAN FRANCISCO",37.7602425,-122.4722061
"Little Angels Daycare","Private",-2,-1,"PK","Independent / Private","CDC074",3,4,"CDC","NOT_FOUND","2135 OCEAN AVE, SAN FRANCISCO, CA 94127",7,6075,"SAN FRANCISCO",37.7266731,-122.466423
"Little Bear School","Private",-2,-1,"PK","Independent / Private","CDC075",3,4,"CDC","384001397","65 OCEAN AVE, SAN FRANCISCO, CA 94112",11,6075,"SAN FRANCISCO",37.7231789,-122.4380951
"Little Childrens Developmental Center","Private",-2,-1,"PK","Independent / Private","CDC076",3,4,"CDC","384000818","1223 WEBSTER ST, SAN FRANCISCO, CA 94115",5,6075,"SAN FRANCISCO",37.7819557,-122.4310455
"Little Footprints Preschool","Private",-2,-1,"PK","Independent / Private","CDC077",3,4,"CDC","384002156","2201 VICENTE ST, SAN FRANCISCO, CA 94116",4,6075,"SAN FRANCISCO",37.7384148,-122.4906998
"Little School","Private",-2,-1,"PK","Independent / Private","CDC078",3,4,"CDC","384000125","1520 LYON ST, SAN FRANCISCO, CA 94115",2,6075,"SAN FRANCISCO",37.7851372,-122.4447174
"Little Star Preschool","Private",-2,-1,"PK","Independent / Private","CDC079",3,4,"CDC","380504535","2540 TARAVAL ST, SAN FRANCISCO, CA 94116",4,6075,"SAN FRANCISCO",37.7425079,-122.4936676
"Little Star Preschool Too","Private",-2,-1,"PK","Independent / Private","CDC080",3,4,"CDC","384000093","1105 QUINTARA ST, SAN FRANCISCO, CA 94116",4,6075,"SAN FRANCISCO",37.7483406,-122.4775696
"Little Sunshine Childcare","Private",-2,-1,"PK","Independent / Private","CDC081",3,4,"CDC","NOT_FOUND","308 JULES AVE, SAN FRANCISCO, CA 94112",7,6075,"SAN FRANCISCO",37.7238998,-122.4609604
"Little Tree Preschool","Private",-2,-1,"PK","Independent / Private","CDC082",3,4,"CDC","NOT_FOUND","3161 MISSION ST, SAN FRANCISCO, CA 94110",9,6075,"SAN FRANCISCO",37.7464027,-122.4190369
"Lone Mountain Childrens Center","Private",-2,-1,"PK","Independent / Private","CDC083",3,4,"CDC","384000944","1806 BELLES ST, SAN FRANCISCO, CA 94129",2,6075,"SAN FRANCISCO",37.788681,-122.4736328
"Love And Learn Nursery School","Private",-2,-1,"PK","Independent / Private","CDC084",3,4,"CDC","380503540","1419 HOWARD ST, SAN FRANCISCO, CA 94103",6,6075,"SAN FRANCISCO",37.7733498,-122.4147949
"Mahler, Theresa S. Mahler Early Education School","SFUSD",-2,-1,"PK","USD PreK","CDC085",3,4,"CDC","38684780117572","990 CHURCH ST, San Francisco, CA 94114",8,6075,"SAN FRANCISCO",37.7552757,-122.428093
"Maria Montessori School Of The Golden Gate","Private",-2,-1,"PK","Independent / Private","CDC086",3,4,"CDC","380506275","62 LENOX WAY, SAN FRANCISCO, CA 94127",7,6075,"SAN FRANCISCO",37.7425995,-122.46521
"Marin Day School - Congregation Sherith Israel","Private",-2,-1,"PK","Independent / Private","CDC087",3,4,"CDC","384001298","2664 CALIFORNIA ST, SAN FRANCISCO, CA 94115",2,6075,"SAN FRANCISCO",37.7886467,-122.4382477
"Marin Day School - Fremont St","Private",-2,-1,"PK","Independent / Private","CDC088",3,4,"CDC","384001296","199 FREMONT ST, SAN FRANCISCO, CA 94105",6,6075,"SAN FRANCISCO",37.7898827,-122.3948898
"Marin Day School - Hills Plaza","Private",-4,-2,"INF","Independent / Private","CDC089",1,3,"CDC","384001299","2 HARRISON ST, STE 150, SAN FRANCISCO, CA 94105",6,6075,"SAN FRANCISCO",37.7898026,-122.3897552
"Marin Day School - Market Street","Private",-4,-2,"INF","Independent / Private","CDC090",1,3,"CDC","384001297","1390 MARKET ST, STE 108, SAN FRANCISCO, CA 94102",6,6075,"SAN FRANCISCO",37.7772255,-122.4173584
"Marin Day School - San Francisco City Hall","Private",-2,-1,"PK","Independent / Private","CDC091",3,4,"CDC","384001292","1 DR CARLTON B GOODLETT PL, RM 68, SAN FRANCISCO, CA 94102",6,6075,"SAN FRANCISCO",37.7793236,-122.4188156
"Marin Day School - Spear St","Private",-2,-1,"PK","Independent / Private","CDC092",3,4,"CDC","384001294","101 HOWARD ST, SAN FRANCISCO, CA 94105",6,6075,"SAN FRANCISCO",37.7908783,-122.3925247
"Marina Childrens Center","Private",-2,-1,"PK","Independent / Private","CDC093",3,4,"CDC","384000897","3219 LAGUNA ST, SAN FRANCISCO, CA 94123",2,6075,"SAN FRANCISCO",37.8007736,-122.431488
"Martha Hills Learning Center","Private",-2,-1,"PK","Independent / Private","CDC094",3,4,"CDC","384001666","1042 JAMESTOWN AVE, SAN FRANCISCO, CA 94124",10,6075,"SAN FRANCISCO",37.719162,-122.3942413
"Milk, Harvey Milk Childrens Center","SFUSD",-2,-1,"PK","USD PreK","CDC095",3,4,"CDC","SFUSD unknown","841 ELLIS ST, SAN FRANCISCO CA 94117",6,6075,"SAN FRANCISCO",37.783802,-122.420105
"Miraloma Cooperative Nursery School","Private",-2,-1,"PK","Independent / Private","CDC096",3,4,"CDC","380505313","443 FOERSTER ST, SAN FRANCISCO, CA 94127",7,6075,"SAN FRANCISCO",37.732193,-122.4491425
"Mission Neighborhood Centers - 24Th St Head Start","Private",-2,-1,"PK","Independent / Private","CDC097",3,4,"CDC","380504876","3013 24TH ST, SAN FRANCISCO, CA 94110",9,6075,"SAN FRANCISCO",37.7524567,-122.4122238
"Mission Neighborhood Centers - Alemany Head Start","Private",-2,-1,"PK","Independent / Private","CDC098",3,4,"CDC","NOT_FOUND","956 ELLSWORTH ST, SAN FRANCISCO, CA 94112",9,6075,"SAN FRANCISCO",37.7330132,-122.4178848
"Mission Neighborhood Centers - Bernal Dwellings Child Development","Private",-2,-1,"PK","Independent / Private","CDC099",3,4,"CDC","384001017","3185 26TH ST, SAN FRANCISCO, CA 94110",9,6075,"SAN FRANCISCO",37.748848,-122.4126205
"Mission Neighborhood Centers - Capp Head Start","Private",-2,-1,"PK","Independent / Private","CDC100",3,4,"CDC","380505268","362 CAPP ST, SAN FRANCISCO, CA 94110",9,6075,"SAN FRANCISCO",37.7609863,-122.4184952
"Mission Neighborhood Centers - Edificio De Mujeres / Womens Building","Private",-2,-1,"PK","Independent / Private","CDC101",3,4,"CDC","384000867","3543 18TH ST, SAN FRANCISCO, CA 94110",8,6075,"SAN FRANCISCO",37.7614212,-122.4226151
"Mission Neighborhood Centers - Jean Jacobs","Private",-2,-1,"PK","Independent / Private","CDC102",3,4,"CDC","384001206","459 VIENNA ST, SAN FRANCISCO, CA 94112",11,6075,"SAN FRANCISCO",37.7209511,-122.4296951
"Mission Neighborhood Centers - Mission Bay","Private",-2,-1,"PK","Independent / Private","CDC103",3,4,"CDC","384001138","150 BERRY ST, SAN FRANCISCO, CA 94107",6,6075,"SAN FRANCISCO",37.7764931,-122.3929901
"Mission Neighborhood Centers - Southeast Families United Childcare","Private",-2,-1,"PK","Independent / Private","CDC104",3,4,"CDC","384001834","1337 EVANS AVE, SAN FRANCISCO, CA 94124",10,6075,"SAN FRANCISCO",37.7397537,-122.3835907
"Mission Neighborhood Centers - Stevenson","Private",-2,-1,"PK","Independent / Private","CDC105",3,4,"CDC","384000731","1320 STEVENSON ST, SAN FRANCISCO, CA 94103",6,6075,"SAN FRANCISCO",37.7714691,-122.4218826
"Mission Neighborhood Centers - Valencia Gardens","Private",-2,-1,"PK","Independent / Private","CDC106",3,4,"CDC","384001634","380 VALENCIA ST, SAN FRANCISCO, CA 94103",8,6075,"SAN FRANCISCO",37.7670975,-122.4232025
"Montessori Childrens Center","Private",-2,-1,"PK","Independent / Private","CDC107",3,4,"CDC","384001313","80 JUAN BAUTISTA CIR, SAN FRANCISCO, CA 94132",7,6075,"SAN FRANCISCO",37.7182655,-122.4809113
"Montessori Childrens House Of The West Coast","Private",-2,-1,"PK","Independent / Private","CDC108",3,4,"CDC","380503970","25 LAKE ST, SAN FRANCISCO, CA 94118",2,6075,"SAN FRANCISCO",37.7866707,-122.4596863
"Montessori School Of The Bay Area","Private",-2,-1,"PK","Independent / Private","CDC109",3,4,"CDC","380505730","1530 EDDY ST, SAN FRANCISCO, CA 94115",5,6075,"SAN FRANCISCO",37.7815895,-122.4333115
"Munchkinland Preschool And Family Daycare","Private",-2,-1,"PK","Independent / Private","CDC110",3,4,"CDC","NOT_FOUND","4710 CABRILLO ST, SAN FRANCISCO, CA 94121",1,6075,"SAN FRANCISCO",37.7734451,-122.5092545
"My Little Learning Tree","Private",-2,-1,"PK","Independent / Private","CDC111",3,4,"CDC","384002056","2118 CLEMENT ST, SAN FRANCISCO, CA 94121",1,6075,"SAN FRANCISCO",37.7823944,-122.4820862
"Nihonmachi Little Friends - After School Program","Private",-2,-1,"PK","Independent / Private","CDC112",3,4,"CDC","380504889","1700 SUTTER ST, SAN FRANCISCO, CA 94115",5,6075,"SAN FRANCISCO",37.7869186,-122.428688
"Nihonmachi Little Friends - Bush St","Private",-2,-1,"PK","Independent / Private","CDC113",3,4,"CDC","380504390","2031 BUSH ST, SAN FRANCISCO, CA 94115",5,6075,"SAN FRANCISCO",37.7870903,-122.4305878
"Nihonmachi Little Friends - Sutter St","Private",-2,-1,"PK","Independent / Private","CDC114",3,4,"CDC","380504776","1830 SUTTER ST, SAN FRANCISCO, CA 94115",5,6075,"SAN FRANCISCO",37.7867165,-122.4305573
"Noe Valley Nursery School","Private",-2,-1,"PK","Independent / Private","CDC115",3,4,"CDC","384002096","5210 DIAMOND HEIGHTS BLVD, SAN FRANCISCO, CA 94131",8,6075,"SAN FRANCISCO",37.7434692,-122.4405518
"One Fifty Parker Ave School","Private",-2,-1,"PK","Independent / Private","CDC116",3,4,"CDC","380500487","150 PARKER AVENUE, SAN FRANCISCO, CA 94118",2,6075,"SAN FRANCISCO",37.7828178,-122.4540939
"Our Victorian Schoolhouse","Private",-2,-1,"PK","Independent / Private","CDC117",3,4,"CDC","384001973","823 DIVISIDERO ST, SAN FRANCISCO, CA 94117",5,6075,"SAN FRANCISCO",37.7772408,-122.4386368
"Pacific Primary - Orange Sun School","Private",-2,-1,"PK","Independent / Private","CDC118",3,4,"CDC","384001816","1501 GROVE ST, SAN FRANCISCO, CA 94117",5,6075,"SAN FRANCISCO",37.7752838,-122.4416046
"Pacific Primary - Yellow Sun School","Private",-2,-1,"PK","Independent / Private","CDC119",3,4,"CDC","380500491","1500 GROVE ST, SAN FRANCISCO, CA 94117",5,6075,"SAN FRANCISCO",37.7756577,-122.4417343
"Peekadoodle Of San Francisco","Private",-2,-1,"PK","Independent / Private","CDC120",3,4,"CDC","384002261","900 NORTH POINT ST STE F100, SAN FRANCISCO, CA 94109",2,6075,"SAN FRANCISCO",37.8055344,-122.4231873
"Peters Place Nursery School","Private",-2,-1,"PK","Independent / Private","CDC121",3,4,"CDC","384000741","227 BALBOA ST, SAN FRANCISCO, CA 94118",1,6075,"SAN FRANCISCO",37.777092,-122.4613571
"Phoebe A Hearst Learning Center","Private",-2,-1,"PK","Independent / Private","CDC122",3,4,"CDC","380500512","1315 ELLIS ST, SAN FRANCISCO, CA 94114",5,6075,"SAN FRANCISCO",37.7826805,-122.427948
"Playmates Cooperative Nursery School","Private",-2,-1,"PK","Independent / Private","CDC123",3,4,"CDC","380504052","2342 42ND AVE, SAN FRANCISCO, CA 94116",4,6075,"SAN FRANCISCO",37.7430153,-122.5000763
"Preschool, The","Private",-2,-1,"PK","Independent / Private","CDC124",3,4,"CDC","380505138","102 SAN JOSE AVE, SAN FRANCISCO, CA 94110",8,6075,"SAN FRANCISCO",37.7532616,-122.4217911
"Presidio Preschool","Private",-2,-1,"PK","Independent / Private","CDC125",3,4,"CDC","384002067","143 CLEMENT ST, SAN FRANCISCO, CA 94118",1,6075,"SAN FRANCISCO",37.7828636,-122.4608307
"Rainbow Montessori Of San Francisco","Private",-2,-1,"PK","Independent / Private","CDC126",3,4,"CDC","380505779","2354 24TH AVE, SAN FRANCISCO, CA 94116",4,6075,"SAN FRANCISCO",37.7435379,-122.4807587
"Rocky Mountain Participation Nursery School","Private",-2,-1,"PK","Independent / Private","CDC127",3,4,"CDC","380504057","2475 15TH ST, SAN FRANCISCO, CA 94114",7,6075,"SAN FRANCISCO",37.7418404,-122.4716034
"Room To Grow Preschool","Private",-2,-1,"PK","Independent / Private","CDC128",3,4,"CDC","384001473","3786 MISSION ST, SAN FRANCISCO, CA 94110",8,6075,"SAN FRANCISCO",37.7362099,-122.4247284
"Russian Hill School","Private",-2,-1,"PK","Independent / Private","CDC129",3,4,"CDC","384001346","2026 DIVISADERO ST, SAN FRANCISCO, CA 94115",2,6075,"SAN FRANCISCO",37.7885208,-122.4401932
"Saint James Preschool (Episcopal Church)","Private",-2,-1,"PK","Independent / Private","CDC130",3,4,"CDC","380500619","4620 CALIFORNIA ST, SAN FRANCISCO, CA 94118",1,6075,"SAN FRANCISCO",37.7849388,-122.4672012
"Saint Luke School (Sls Preschool)","Private",-2,-1,"PK","Independent / Private","CDC131",3,4,"CDC","384002543","1335 SUTTER ST, SAN FRANCISCO, CA 94109",2,6075,"SAN FRANCISCO",37.7872086,-122.4223404
"Saint Nicholas Day Care And Preschool","Private",-2,-1,"PK","Independent / Private","CDC132",3,4,"CDC","380504369","5200 DIAMOND HEIGHTS BLVD, SAN FRANCISCO, CA 94131",8,6075,"SAN FRANCISCO",37.7449226,-122.4404221
"San Francisco Montessori Academy","Private",-2,-1,"PK","Independent / Private","CDC133",3,4,"CDC","NOT_FOUND","1566 32ND AVE, SAN FRANCISCO, CA 94122",4,6075,"SAN FRANCISCO",37.7579918,-122.4903793
"Scandanavian School","Private",-2,-1,"PK","Independent / Private","CDC134",3,4,"CDC","384001418","20 WOODSIDE AVE, SAN FRANCISCO, CA 94127",7,6075,"SAN FRANCISCO",37.746582,-122.4578781
"Serra Preschool","Private",-2,-1,"PK","Independent / Private","CDC135",3,4,"CDC","384001376","7 FUNSTON AVE, SAN FRANCISCO, CA 94129",2,6075,"SAN FRANCISCO",37.7992973,-122.4561157
"South Of Market Child Care - Judith Baker Child Development Center","Private",-2,-1,"PK","Independent / Private","CDC136",3,4,"CDC","384001365","685 NATOMA ST, SAN FRANCISCO, CA 94103",6,6075,"SAN FRANCISCO",37.7768059,-122.4114761
"South Of Market Child Care - Yerba Buena Gardens Child Development Center","Private",-2,-1,"PK","Independent / Private","CDC137",3,4,"CDC","384000406","790 FOLSOM ST, SAN FRANCISCO, CA 94107",6,6075,"SAN FRANCISCO",37.7835121,-122.4008102
"Starlight Christian Preschool 1","Private",-2,-1,"PK","Independent / Private","CDC138",3,4,"CDC","384001339","750 26TH AVE, SAN FRANCISCO, CA 94121",1,6075,"SAN FRANCISCO",37.7753105,-122.4849243
"Starlight Christian Preschool 2","Private",-2,-1,"PK","Independent / Private","CDC139",3,4,"CDC","384001536","3155 VICENTE ST, SAN FRANCISCO, CA 94116",4,6075,"SAN FRANCISCO",37.7380219,-122.5009766
"Stretch The Imagination Child Care Center","Private",-2,-1,"PK","Independent / Private","CDC140",3,4,"CDC","384002029","2509 BUSH ST, SAN FRANCISCO, CA 94115",2,6075,"SAN FRANCISCO",37.7860947,-122.4388885
"Sunset Cooperative Nursery School","Private",-2,-1,"PK","Independent / Private","CDC141",3,4,"CDC","384002119","4245 LAWTON ST, SAN FRANCISCO, CA 94122",4,6075,"SAN FRANCISCO",37.7563858,-122.5084991
"Sweet Peas Preschool - East","Private",-2,-1,"PK","Independent / Private","CDC142",3,4,"CDC","384002314","2730 17TH ST, SAN FRANCISCO, CA 94110",9,6075,"SAN FRANCISCO",37.7645149,-122.4111023
"Sweet Peas Preschool - West","Private",-2,-1,"PK","Independent / Private","CDC143",3,4,"CDC","NOT_FOUND","87 MELROSE AVE, SAN FRANCISCO, CA 94131",7,6075,"SAN FRANCISCO",37.7335968,-122.4440079
"Teaching Tots Preschool","Private",-2,-1,"PK","Independent / Private","CDC144",3,4,"CDC","NOT_FOUND_ADDR","728 PACIFIC AVE STE 706, SAN FRANCISCO, CA 94133",3,6075,"SAN FRANCISCO",37.7970924,-122.4074707
"Telegraph Hill Neighborhood Center Child Development Preschool","Private",-2,-1,"PK","Independent / Private","CDC145",3,4,"CDC","380504793","660 LOMBARD ST, SAN FRANCISCO, CA 94133",3,6075,"SAN FRANCISCO",37.8034439,-122.4125366
"Telegraph Hill Parent Participation Nursery School","Private",-2,-1,"PK","Independent / Private","CDC146",3,4,"CDC","384002580","922 JACKSON ST, SAN FRANCISCO, CA 94133",3,6075,"SAN FRANCISCO",37.795681,-122.4103775
"Treasure Island Child Development Center","Private",-2,-1,"PK","Independent / Private","CDC147",3,4,"CDC","384002011","850 AVE D, SAN FRANCISCO, CA 94130",6,6075,"SAN FRANCISCO",37.825985,-122.3725052
"True Sunshine Preschool Center","Private",-2,-1,"PK","Independent / Private","CDC148",3,4,"CDC","380504311","777 STOCKTON ST STE 201, SAN FRANCISCO, CA 94108",3,6075,"SAN FRANCISCO",37.7929764,-122.4078445
"Ucsf - Marilyn Reed Lucia Child Care Study Center","Private",-2,-1,"PK","Independent / Private","CDC149",3,4,"CDC","384002158","610 PARNASSUS AVE, SAN FRANCISCO, CA 94143",5,6075,"SAN FRANCISCO",37.7630997,-122.4601212
"Ucsf - Parnassus-Kirkham Child Development Center","Private",-2,-1,"PK","Independent / Private","CDC150",3,4,"CDC","384001814","10 KIRKHAM ST, SAN FRANCISCO, CA 94143",5,6075,"SAN FRANCISCO",37.7615242,-122.4611664
"Ucsf - University Child Care Center - Laurel Heights","Private",-2,-1,"PK","Independent / Private","CDC151",3,4,"CDC","384001301","3333 CALIFORNIA ST STE 220, SAN FRANCISCO, CA 94118",2,6075,"SAN FRANCISCO",37.7860985,-122.4483871
"Ucsf - University Child Care Center - Mission Bay","Private",-2,-1,"PK","Independent / Private","CDC152",3,4,"CDC","384001586","1555 6TH ST, SAN FRANCISCO, CA 94158",6,6075,"SAN FRANCISCO",37.7686768,-122.3939667
"Valdivia Family Day Care","Private",-2,-1,"PK","Independent / Private","CDC153",3,4,"CDC","NOT_FOUND","1227 HAMPSHIRE ST APT 43, SAN FRANCISCO, CA 94110",9,6075,"SAN FRANCISCO",37.7525787,-122.4068069
"Wah Mei School","Private",-2,-1,"PK","Independent / Private","CDC154",3,4,"CDC","380504314","1400 JUDAH ST, SAN FRANCISCO, CA 94122",4,6075,"SAN FRANCISCO",37.7618599,-122.4773712
"Wind In The Willows Early Learning Center","Private",-2,-1,"PK","Independent / Private","CDC155",3,4,"CDC","384000832","713 MONTEREY BLVD, SAN FRANCISCO, CA 94127",7,6075,"SAN FRANCISCO",37.7312584,-122.4514618
"Wu Yee Child Development Center - Bayview","Private",-2,-1,"PK","Independent / Private","CDC156",3,4,"CDC","384002433","1601 LANE ST, SAN FRANCISCO, CA 94124",10,6075,"SAN FRANCISCO",37.7318039,-122.3895798
"Wu Yee Child Development Center - Cadillac","Private",-2,-1,"PK","Independent / Private","CDC157",3,4,"CDC","384002512","398 EDDY ST, SAN FRANCISCO, CA 94102",6,6075,"SAN FRANCISCO",37.7840538,-122.4139404
"Wu Yee Child Development Center - Chinatown Little Sprouts","Private",-2,-1,"PK","Independent / Private","CDC158",3,4,"CDC","384000804","831 BROADWAY ST, SAN FRANCISCO, CA 94133",3,6075,"SAN FRANCISCO",37.7970123,-122.4107132
"Wu Yee Child Development Center - Generations","Private",-2,-1,"PK","Independent / Private","CDC159",3,4,"CDC","380505707","1010 MONTGOMERY ST, SAN FRANCISCO, CA 94133",3,6075,"SAN FRANCISCO",37.7984924,-122.4037094
"Wu Yee Child Development Center - Golden Gate","Private",-2,-1,"PK","Independent / Private","CDC160",3,4,"CDC","380506088","177 GOLDEN GATE AVE, SAN FRANCISCO, CA 94102",6,6075,"SAN FRANCISCO",37.7816696,-122.413559
"Wu Yee Child Development Center - Hunters Point/Kirkwood","Private",-2,-1,"PK","Independent / Private","CDC161",3,4,"CDC","384002529","729 KIRKWOOD AVE, SAN FRANCISCO, CA 94124",10,6075,"SAN FRANCISCO",37.7288704,-122.3744049
"Wu Yee Child Development Center - Lok Yuen","Private",-2,-1,"PK","Independent / Private","CDC162",3,4,"CDC","384000493","930 STOCKTON ST, SAN FRANCISCO, CA 94108",3,6075,"SAN FRANCISCO",37.7943649,-122.4077911
"Wu Yee Child Development Center - New Generation","Private",-2,-1,"PK","Independent / Private","CDC163",3,4,"CDC","384000921","700 VELASCO AVE, SAN FRANCISCO, CA 94134",10,6075,"SAN FRANCISCO",37.7101822,-122.4180984
"Wu Yee Child Development Center - Omi (Ocean View,Merced Heights,Ingleside)","Private",-2,-1,"PK","Independent / Private","CDC164",3,4,"CDC","384002513","1111 JUNIPERO SERRA BLVD, SAN FRANCISCO, CA 94132",11,6075,"SAN FRANCISCO",37.7174644,-122.4719696
"Wu Yee Child Development Center - Potrero Hill","Private",-2,-1,"PK","Independent / Private","CDC165",3,4,"CDC","384002515","824 CAROLINA ST, SAN FRANCISCO, CA 94107",10,6075,"SAN FRANCISCO",37.7582359,-122.4003143
"Wu Yee Child Development Center - South East","Private",-2,-1,"PK","Independent / Private","CDC166",3,4,"CDC","384002516","1300 PHELPS ST, SAN FRANCISCO, CA 94124",10,6075,"SAN FRANCISCO",37.7374191,-122.393837
"Wu Yee Child Development Center - Westside","Private",-2,-1,"PK","Independent / Private","CDC167",3,4,"CDC","384002531","2400 POST ST, SAN FRANCISCO, CA 94115",5,6075,"SAN FRANCISCO",37.7844658,-122.4422684
"City College of San Francisco Chinatown North Beach Center","SFCCD",13,14,"13-14","Community College District","CC01",18,19,"CC","SFCCD_unknown","808 KEARNY ST, SAN FRANCISCO, CA 94108",7,6075,"SAN FRANCISCO",37.7955551,-122.4047012
"City College of San Francisco Civic Center","SFCCD",13,14,"13-14","Community College District","CC02",18,19,"CC","SFCCD_unknown","1170 MARKET ST, SAN FRANCISCO, CA 94102",6,6075,"SAN FRANCISCO",37.7795448,-122.414299
"City College of San Francisco Downtown Center","SFCCD",13,14,"13-14","Community College District","CC03",18,19,"CC","SFCCD_unknown","88 4TH ST, SAN FRANCISCO, CA 94103",6,6075,"SAN FRANCISCO",37.784565,-122.4047241
"City College of San Francisco Evans Center","SFCCD",13,14,"13-14","Community College District","CC04",18,19,"CC","SFCCD_unknown","1400 EVANS AVE, SAN FRANCISCO, CA 94124",10,6075,"SAN FRANCISCO",37.7418594,-122.3846817
"City College of San Francisco Fort Mason Site","SFCCD",13,14,"13-14","Community College District","CC05",18,19,"CC","SFCCD_unknown","2 MARINA BLVD, SAN FRANCISCO, CA 94123",2,6075,"SAN FRANCISCO",37.8067703,-122.4318237
"City College of San Francisco Gough Street Location","SFCCD",13,14,"13-14","Community College District","CC06",18,19,"CC","SFCCD_unknown","33 GOUGH ST, SAN FRANCISCO, CA 94103",6,6075,"SAN FRANCISCO",37.7719879,-122.4212112
"City College of San Francisco John Adams Center","SFCCD",13,14,"13-14","Community College District","CC07",18,19,"CC","SFCCD_unknown","1860 HAYES ST, SAN FRANCISCO, CA 94117",5,6075,"SAN FRANCISCO",37.774086,-122.4471893
"City College of San Francisco Mission Center","SFCCD",13,14,"13-14","Community College District","CC08",18,19,"CC","SFCCD_unknown","1125 VALENCIA ST, SAN FRANCISCO, CA 94110",9,6075,"SAN FRANCISCO",37.7547913,-122.4206161
"City College of San Francisco Ocean Campus","SFCCD",13,14,"13-14","Community College District","CC09",18,19,"CC","SFCCD_unknown","50 PHELAN AVE, SAN FRANCISCO, CA 94112",7,6075,"SAN FRANCISCO",37.7257156,-122.4511337
"City College of San Francisco Southeast Center","SFCCD",13,14,"13-14","Community College District","CC10",18,19,"CC","SFCCD_unknown","1800 OAKDALE AVE, SAN FRANCISCO, CA 94124",10,6075,"SAN FRANCISCO",37.7371483,-122.3940964
